Country or Area,Year(s),GENDER,EDUCATION LEVEL,RESIDENCE AREA,WEALTH QUINTILE,Value
Albania,2008,Male,(blank),(blank),(blank),22.4
Albania,2008,Female,(blank),(blank),(blank),15.5
Albania,2008,(blank),(blank),(blank),Q1 (Poorest),29.1
Albania,2008,(blank),(blank),(blank),Q2,9.8
Albania,2008,(blank),(blank),(blank),Q3,23.0
Albania,2008,(blank),(blank),(blank),Q4,17.5
Albania,2008,(blank),(blank),(blank),Q5 (Richest),13.3
Albania,2008,(blank),(blank),Urban,(blank),12.4
Albania,2008,(blank),(blank),Rural,(blank),23.5
Albania,2008,(blank),Primary,(blank),(blank),21.1
Albania,2008,(blank),Secondary or higher,(blank),(blank),15.7
Armenia,2010,Male,(blank),(blank),(blank),17.0
Armenia,2010,Female,(blank),(blank),(blank),20.3
Armenia,2010,(blank),(blank),(blank),Q1 (Poorest),21.0
Armenia,2010,(blank),(blank),(blank),Q2,21.4
Armenia,2010,(blank),(blank),(blank),Q3,17.3
Armenia,2010,(blank),(blank),(blank),Q4,12.0
Armenia,2010,(blank),(blank),(blank),Q5 (Richest),20.7
Armenia,2010,(blank),(blank),Urban,(blank),16.3
Armenia,2010,(blank),(blank),Rural,(blank),22.0
Armenia,2010,(blank),Secondary or higher,(blank),(blank),18.6
Armenia,2005,(blank),(blank),(blank),Q1 (Poorest),40.1
Armenia,2005,(blank),(blank),(blank),Q2,25.8
Armenia,2005,(blank),(blank),(blank),Q3,23.1
Armenia,2005,(blank),(blank),(blank),Q4,31.1
Armenia,2005,(blank),(blank),(blank),Q5 (Richest),13.4
Armenia,2005,Male,(blank),(blank),(blank),29.0
Armenia,2005,Female,(blank),(blank),(blank),25.4
Armenia,2005,(blank),Secondary or higher,(blank),(blank),27.6
Armenia,2005,(blank),(blank),Urban,(blank),24.8
Armenia,2005,(blank),(blank),Rural,(blank),30.8
Armenia,2000,(blank),Secondary or higher,(blank),(blank),44.0
Armenia,2000,(blank),(blank),Urban,(blank),35.1
Armenia,2000,(blank),(blank),Rural,(blank),53.0
Armenia,2000,Male,(blank),(blank),(blank),45.3
Armenia,2000,Female,(blank),(blank),(blank),42.1
Armenia,2000,(blank),(blank),(blank),Q1 (Poorest),52.9
Armenia,2000,(blank),(blank),(blank),Q2,50.5
Armenia,2000,(blank),(blank),(blank),Q3,36.8
Armenia,2000,(blank),(blank),(blank),Q4,47.7
Armenia,2000,(blank),(blank),(blank),Q5 (Richest),26.1
Azerbaijan,2006,Male,(blank),(blank),(blank),54.9
Azerbaijan,2006,Female,(blank),(blank),(blank),41.0
Azerbaijan,2006,(blank),(blank),(blank),Q1 (Poorest),52.3
Azerbaijan,2006,(blank),(blank),(blank),Q2,59.4
Azerbaijan,2006,(blank),(blank),(blank),Q3,52.0
Azerbaijan,2006,(blank),(blank),(blank),Q4,39.1
Azerbaijan,2006,(blank),(blank),(blank),Q5 (Richest),34.1
Azerbaijan,2006,(blank),(blank),Urban,(blank),45.2
Azerbaijan,2006,(blank),(blank),Rural,(blank),52.0
Azerbaijan,2006,(blank),Secondary or higher,(blank),(blank),48.4
Bangladesh,2007,Male,(blank),(blank),(blank),60.7
Bangladesh,2007,Female,(blank),(blank),(blank),53.2
Bangladesh,2007,(blank),(blank),Urban,(blank),50.5
Bangladesh,2007,(blank),(blank),Rural,(blank),58.7
Bangladesh,2007,(blank),None,(blank),(blank),70.7
Bangladesh,2007,(blank),Primary,(blank),(blank),58.2
Bangladesh,2007,(blank),Secondary or higher,(blank),(blank),41.3
Bangladesh,2007,(blank),(blank),(blank),Q1 (Poorest),66.2
Bangladesh,2007,(blank),(blank),(blank),Q2,67.1
Bangladesh,2007,(blank),(blank),(blank),Q3,62.4
Bangladesh,2007,(blank),(blank),(blank),Q4,46.1
Bangladesh,2007,(blank),(blank),(blank),Q5 (Richest),35.9
Bangladesh,2004,(blank),(blank),Urban,(blank),72.3
Bangladesh,2004,(blank),(blank),Rural,(blank),71.9
Bangladesh,2004,(blank),None,(blank),(blank),81.3
Bangladesh,2004,(blank),Primary,(blank),(blank),72.7
Bangladesh,2004,(blank),Secondary or higher,(blank),(blank),53.5
Bangladesh,2004,Male,(blank),(blank),(blank),79.6
Bangladesh,2004,Female,(blank),(blank),(blank),64.0
Bangladesh,2004,(blank),(blank),(blank),Q1 (Poorest),89.4
Bangladesh,2004,(blank),(blank),(blank),Q2,65.8
Bangladesh,2004,(blank),(blank),(blank),Q3,74.6
Bangladesh,2004,(blank),(blank),(blank),Q4,58.7
Bangladesh,2004,(blank),(blank),(blank),Q5 (Richest),63.8
Bangladesh,1999,(blank),(blank),Urban,(blank),74.3
Bangladesh,1999,(blank),(blank),Rural,(blank),80.5
Bangladesh,1999,(blank),None,(blank),(blank),92.0
Bangladesh,1999,(blank),Primary,(blank),(blank),74.0
Bangladesh,1999,(blank),Secondary or higher,(blank),(blank),54.8
Bangladesh,1999,Male,(blank),(blank),(blank),81.8
Bangladesh,1999,Female,(blank),(blank),(blank),77.1
Bangladesh,1999,(blank),(blank),(blank),Q1 (Poorest),92.2
Bangladesh,1999,(blank),(blank),(blank),Q2,93.8
Bangladesh,1999,(blank),(blank),(blank),Q3,78.1
Bangladesh,1999,(blank),(blank),(blank),Q4,63.1
Bangladesh,1999,(blank),(blank),(blank),Q5 (Richest),57.3
Bangladesh,1996,Male,(blank),(blank),(blank),94.5
Bangladesh,1996,Female,(blank),(blank),(blank),84.0
Bangladesh,1996,(blank),(blank),Urban,(blank),72.5
Bangladesh,1996,(blank),(blank),Rural,(blank),90.9
Bangladesh,1996,(blank),(blank),(blank),Q1 (Poorest),95.1
Bangladesh,1996,(blank),(blank),(blank),Q2,98.4
Bangladesh,1996,(blank),(blank),(blank),Q3,96.8
Bangladesh,1996,(blank),(blank),(blank),Q4,88.8
Bangladesh,1996,(blank),(blank),(blank),Q5 (Richest),56.7
Bangladesh,1996,(blank),None,(blank),(blank),97.5
Bangladesh,1996,(blank),Primary,(blank),(blank),82.4
Bangladesh,1996,(blank),Secondary or higher,(blank),(blank),64.6
Bangladesh,1993,Male,(blank),(blank),(blank),107.2
Bangladesh,1993,Female,(blank),(blank),(blank),92.7
Bangladesh,1993,(blank),(blank),Urban,(blank),80.0
Bangladesh,1993,(blank),(blank),Rural,(blank),102.2
Bangladesh,1993,(blank),(blank),(blank),Q1 (Poorest),114.6
Bangladesh,1993,(blank),(blank),(blank),Q2,117.4
Bangladesh,1993,(blank),(blank),(blank),Q3,93.3
Bangladesh,1993,(blank),(blank),(blank),Q4,91.7
Bangladesh,1993,(blank),(blank),(blank),Q5 (Richest),70.3
Bangladesh,1993,(blank),None,(blank),(blank),112.9
Bangladesh,1993,(blank),Primary,(blank),(blank),88.4
Bangladesh,1993,(blank),Secondary or higher,(blank),(blank),57.2
Benin,2006,(blank),None,(blank),(blank),78.8
Benin,2006,(blank),Primary,(blank),(blank),72.6
Benin,2006,(blank),Secondary or higher,(blank),(blank),51.5
Benin,2006,(blank),(blank),Urban,(blank),65.5
Benin,2006,(blank),(blank),Rural,(blank),81.4
Benin,2006,(blank),(blank),(blank),Q1 (Poorest),80.0
Benin,2006,(blank),(blank),(blank),Q2,83.0
Benin,2006,(blank),(blank),(blank),Q3,80.2
Benin,2006,(blank),(blank),(blank),Q4,78.1
Benin,2006,(blank),(blank),(blank),Q5 (Richest),52.3
Benin,2006,Male,(blank),(blank),(blank),80.4
Benin,2006,Female,(blank),(blank),(blank),71.8
Benin,2001,Male,(blank),(blank),(blank),97.8
Benin,2001,Female,(blank),(blank),(blank),92.3
Benin,2001,(blank),(blank),(blank),Q1 (Poorest),112.0
Benin,2001,(blank),(blank),(blank),Q2,108.9
Benin,2001,(blank),(blank),(blank),Q3,106.1
Benin,2001,(blank),(blank),(blank),Q4,78.4
Benin,2001,(blank),(blank),(blank),Q5 (Richest),49.7
Benin,2001,(blank),(blank),Urban,(blank),72.9
Benin,2001,(blank),(blank),Rural,(blank),104.8
Benin,2001,(blank),None,(blank),(blank),100.3
Benin,2001,(blank),Primary,(blank),(blank),88.2
Benin,2001,(blank),Secondary or higher,(blank),(blank),53.0
Benin,1996,(blank),None,(blank),(blank),108.4
Benin,1996,(blank),Primary,(blank),(blank),93.8
Benin,1996,(blank),Secondary or higher,(blank),(blank),49.5
Benin,1996,(blank),(blank),(blank),Q1 (Poorest),119.4
Benin,1996,(blank),(blank),(blank),Q2,111.0
Benin,1996,(blank),(blank),(blank),Q3,105.9
Benin,1996,(blank),(blank),(blank),Q4,103.6
Benin,1996,(blank),(blank),(blank),Q5 (Richest),63.3
Benin,1996,(blank),(blank),Urban,(blank),84.0
Benin,1996,(blank),(blank),Rural,(blank),112.4
Benin,1996,Male,(blank),(blank),(blank),109.1
Benin,1996,Female,(blank),(blank),(blank),97.6
Bolivia (Plurinational State of),2008,Male,(blank),(blank),(blank),62.3
Bolivia (Plurinational State of),2008,Female,(blank),(blank),(blank),52.8
Bolivia (Plurinational State of),2008,(blank),None,(blank),(blank),106.9
Bolivia (Plurinational State of),2008,(blank),Primary,(blank),(blank),63.9
Bolivia (Plurinational State of),2008,(blank),Secondary or higher,(blank),(blank),36.0
Bolivia (Plurinational State of),2008,(blank),(blank),Urban,(blank),42.6
Bolivia (Plurinational State of),2008,(blank),(blank),Rural,(blank),74.2
Bolivia (Plurinational State of),2008,(blank),(blank),(blank),Q1 (Poorest),88.7
Bolivia (Plurinational State of),2008,(blank),(blank),(blank),Q2,64.4
Bolivia (Plurinational State of),2008,(blank),(blank),(blank),Q3,48.1
Bolivia (Plurinational State of),2008,(blank),(blank),(blank),Q4,37.1
Bolivia (Plurinational State of),2008,(blank),(blank),(blank),Q5 (Richest),26.3
Bolivia (Plurinational State of),2003,(blank),None,(blank),(blank),102.4
Bolivia (Plurinational State of),2003,(blank),Primary,(blank),(blank),74.1
Bolivia (Plurinational State of),2003,(blank),Secondary or higher,(blank),(blank),39.2
Bolivia (Plurinational State of),2003,Male,(blank),(blank),(blank),71.2
Bolivia (Plurinational State of),2003,Female,(blank),(blank),(blank),64.3
Bolivia (Plurinational State of),2003,(blank),(blank),Urban,(blank),57.4
Bolivia (Plurinational State of),2003,(blank),(blank),Rural,(blank),81.2
Bolivia (Plurinational State of),2003,(blank),(blank),(blank),Q1 (Poorest),87.3
Bolivia (Plurinational State of),2003,(blank),(blank),(blank),Q2,81.7
Bolivia (Plurinational State of),2003,(blank),(blank),(blank),Q3,63.4
Bolivia (Plurinational State of),2003,(blank),(blank),(blank),Q4,50.7
Bolivia (Plurinational State of),2003,(blank),(blank),(blank),Q5 (Richest),32.6
Bolivia (Plurinational State of),1998,(blank),None,(blank),(blank),111.9
Bolivia (Plurinational State of),1998,(blank),Primary,(blank),(blank),86.7
Bolivia (Plurinational State of),1998,(blank),Secondary or higher,(blank),(blank),40.8
Bolivia (Plurinational State of),1998,Male,(blank),(blank),(blank),77.4
Bolivia (Plurinational State of),1998,Female,(blank),(blank),(blank),68.9
Bolivia (Plurinational State of),1998,(blank),(blank),Urban,(blank),52.9
Bolivia (Plurinational State of),1998,(blank),(blank),Rural,(blank),99.5
Bolivia (Plurinational State of),1998,(blank),(blank),(blank),Q1 (Poorest),106.4
Bolivia (Plurinational State of),1998,(blank),(blank),(blank),Q2,84.4
Bolivia (Plurinational State of),1998,(blank),(blank),(blank),Q3,76.1
Bolivia (Plurinational State of),1998,(blank),(blank),(blank),Q4,37.3
Bolivia (Plurinational State of),1998,(blank),(blank),(blank),Q5 (Richest),25.7
Bolivia (Plurinational State of),1994,Male,(blank),(blank),(blank),90.9
Bolivia (Plurinational State of),1994,Female,(blank),(blank),(blank),82.3
Bolivia (Plurinational State of),1994,(blank),(blank),(blank),Q1 (Poorest),116.0
Bolivia (Plurinational State of),1994,(blank),(blank),(blank),Q2,95.7
Bolivia (Plurinational State of),1994,(blank),(blank),(blank),Q3,92.9
Bolivia (Plurinational State of),1994,(blank),(blank),(blank),Q4,63.5
Bolivia (Plurinational State of),1994,(blank),(blank),(blank),Q5 (Richest),38.0
Bolivia (Plurinational State of),1994,(blank),None,(blank),(blank),122.7
Bolivia (Plurinational State of),1994,(blank),Primary,(blank),(blank),99.6
Bolivia (Plurinational State of),1994,(blank),Secondary or higher,(blank),(blank),48.3
Bolivia (Plurinational State of),1994,(blank),(blank),Urban,(blank),68.7
Bolivia (Plurinational State of),1994,(blank),(blank),Rural,(blank),106.0
Brazil,1996,Male,(blank),(blank),(blank),50.8
Brazil,1996,Female,(blank),(blank),(blank),44.2
Brazil,1996,(blank),(blank),Urban,(blank),41.6
Brazil,1996,(blank),(blank),Rural,(blank),65.3
Brazil,1996,(blank),(blank),(blank),Q1 (Poorest),83.6
Brazil,1996,(blank),(blank),(blank),Q2,46.2
Brazil,1996,(blank),(blank),(blank),Q3,31.2
Brazil,1996,(blank),(blank),(blank),Q4,24.0
Brazil,1996,(blank),(blank),(blank),Q5 (Richest),27.8
Brazil,1996,(blank),None,(blank),(blank),90.7
Brazil,1996,(blank),Primary,(blank),(blank),57.8
Brazil,1996,(blank),Secondary or higher,(blank),(blank),31.6
Burkina Faso,2003,(blank),(blank),(blank),Q1 (Poorest),97.2
Burkina Faso,2003,(blank),(blank),(blank),Q2,108.7
Burkina Faso,2003,(blank),(blank),(blank),Q3,81.9
Burkina Faso,2003,(blank),(blank),(blank),Q4,93.2
Burkina Faso,2003,(blank),(blank),(blank),Q5 (Richest),77.8
Burkina Faso,2003,(blank),(blank),Urban,(blank),70.3
Burkina Faso,2003,(blank),(blank),Rural,(blank),95.1
Burkina Faso,2003,Male,(blank),(blank),(blank),95.3
Burkina Faso,2003,Female,(blank),(blank),(blank),88.6
Burkina Faso,2003,(blank),None,(blank),(blank),94.2
Burkina Faso,2003,(blank),Primary,(blank),(blank),72.8
Burkina Faso,2003,(blank),Secondary or higher,(blank),(blank),73.4
Burkina Faso,1998,(blank),(blank),(blank),Q1 (Poorest),107.6
Burkina Faso,1998,(blank),(blank),(blank),Q2,118.8
Burkina Faso,1998,(blank),(blank),(blank),Q3,116.7
Burkina Faso,1998,(blank),(blank),(blank),Q4,118.8
Burkina Faso,1998,(blank),(blank),(blank),Q5 (Richest),74.2
Burkina Faso,1998,(blank),(blank),Urban,(blank),66.7
Burkina Faso,1998,(blank),(blank),Rural,(blank),113.6
Burkina Faso,1998,Male,(blank),(blank),(blank),116.4
Burkina Faso,1998,Female,(blank),(blank),(blank),101.2
Burkina Faso,1998,(blank),None,(blank),(blank),110.5
Burkina Faso,1998,(blank),Primary,(blank),(blank),94.2
Cambodia,2010,Male,(blank),(blank),(blank),66.1
Cambodia,2010,Female,(blank),(blank),(blank),48.0
Cambodia,2010,(blank),None,(blank),(blank),71.9
Cambodia,2010,(blank),Primary,(blank),(blank),61.6
Cambodia,2010,(blank),Secondary or higher,(blank),(blank),31.0
Cambodia,2010,(blank),(blank),Urban,(blank),21.9
Cambodia,2010,(blank),(blank),Rural,(blank),63.6
Cambodia,2010,(blank),(blank),(blank),Q1 (Poorest),76.9
Cambodia,2010,(blank),(blank),(blank),Q2,70.2
Cambodia,2010,(blank),(blank),(blank),Q3,60.9
Cambodia,2010,(blank),(blank),(blank),Q4,38.2
Cambodia,2010,(blank),(blank),(blank),Q5 (Richest),22.7
Cambodia,2005,(blank),(blank),Urban,(blank),65.1
Cambodia,2005,(blank),(blank),Rural,(blank),91.4
Cambodia,2005,Male,(blank),(blank),(blank),96.8
Cambodia,2005,Female,(blank),(blank),(blank),78.8
Cambodia,2005,(blank),None,(blank),(blank),110.4
Cambodia,2005,(blank),Primary,(blank),(blank),89.2
Cambodia,2005,(blank),Secondary or higher,(blank),(blank),44.9
Cambodia,2005,(blank),(blank),(blank),Q1 (Poorest),100.2
Cambodia,2005,(blank),(blank),(blank),Q2,108.0
Cambodia,2005,(blank),(blank),(blank),Q3,97.3
Cambodia,2005,(blank),(blank),(blank),Q4,78.4
Cambodia,2005,(blank),(blank),(blank),Q5 (Richest),34.6
Cambodia,2000,(blank),(blank),Urban,(blank),72.9
Cambodia,2000,(blank),(blank),Rural,(blank),95.7
Cambodia,2000,(blank),None,(blank),(blank),102.8
Cambodia,2000,(blank),Primary,(blank),(blank),93.5
Cambodia,2000,(blank),Secondary or higher,(blank),(blank),60.2
Cambodia,2000,Male,(blank),(blank),(blank),102.9
Cambodia,2000,Female,(blank),(blank),(blank),82.3
Cambodia,2000,(blank),(blank),(blank),Q1 (Poorest),109.6
Cambodia,2000,(blank),(blank),(blank),Q2,108.7
Cambodia,2000,(blank),(blank),(blank),Q3,88.1
Cambodia,2000,(blank),(blank),(blank),Q4,89.0
Cambodia,2000,(blank),(blank),(blank),Q5 (Richest),49.8
Cameroon,2004,Male,(blank),(blank),(blank),87.8
Cameroon,2004,Female,(blank),(blank),(blank),74.2
Cameroon,2004,(blank),(blank),(blank),Q1 (Poorest),100.2
Cameroon,2004,(blank),(blank),(blank),Q2,91.1
Cameroon,2004,(blank),(blank),(blank),Q3,83.0
Cameroon,2004,(blank),(blank),(blank),Q4,62.9
Cameroon,2004,(blank),(blank),(blank),Q5 (Richest),51.1
Cameroon,2004,(blank),None,(blank),(blank),94.1
Cameroon,2004,(blank),Primary,(blank),(blank),84.5
Cameroon,2004,(blank),Secondary or higher,(blank),(blank),58.6
Cameroon,2004,(blank),(blank),Urban,(blank),67.5
Cameroon,2004,(blank),(blank),Rural,(blank),91.2
Cameroon,1998,(blank),None,(blank),(blank),104.3
Cameroon,1998,(blank),Primary,(blank),(blank),74.6
Cameroon,1998,(blank),Secondary or higher,(blank),(blank),50.0
Cameroon,1998,Male,(blank),(blank),(blank),85.2
Cameroon,1998,Female,(blank),(blank),(blank),75.1
Cameroon,1998,(blank),(blank),Urban,(blank),61.7
Cameroon,1998,(blank),(blank),Rural,(blank),87.1
Cameroon,1998,(blank),(blank),(blank),Q1 (Poorest),108.8
Cameroon,1998,(blank),(blank),(blank),Q2,87.3
Cameroon,1998,(blank),(blank),(blank),Q3,72.2
Cameroon,1998,(blank),(blank),(blank),Q4,58.9
Cameroon,1998,(blank),(blank),(blank),Q5 (Richest),56.4
Central African Republic,1994,(blank),(blank),Urban,(blank),80.0
Central African Republic,1994,(blank),(blank),Rural,(blank),116.1
Central African Republic,1994,(blank),None,(blank),(blank),113.9
Central African Republic,1994,(blank),Primary,(blank),(blank),100.5
Central African Republic,1994,(blank),Secondary or higher,(blank),(blank),52.1
Central African Republic,1994,(blank),(blank),(blank),Q1 (Poorest),131.3
Central African Republic,1994,(blank),(blank),(blank),Q2,117.1
Central African Republic,1994,(blank),(blank),(blank),Q3,100.3
Central African Republic,1994,(blank),(blank),(blank),Q4,97.7
Central African Republic,1994,(blank),(blank),(blank),Q5 (Richest),53.1
Central African Republic,1994,Male,(blank),(blank),(blank),108.7
Central African Republic,1994,Female,(blank),(blank),(blank),94.5
Chad,2004,(blank),None,(blank),(blank),116.0
Chad,2004,(blank),Primary,(blank),(blank),122.1
Chad,2004,(blank),Secondary or higher,(blank),(blank),66.5
Chad,2004,(blank),(blank),(blank),Q1 (Poorest),109.5
Chad,2004,(blank),(blank),(blank),Q2,122.8
Chad,2004,(blank),(blank),(blank),Q3,118.0
Chad,2004,(blank),(blank),(blank),Q4,123.4
Chad,2004,(blank),(blank),(blank),Q5 (Richest),99.8
Chad,2004,Male,(blank),(blank),(blank),122.9
Chad,2004,Female,(blank),(blank),(blank),107.8
Chad,2004,(blank),(blank),Urban,(blank),94.0
Chad,2004,(blank),(blank),Rural,(blank),120.3
Chad,1996,(blank),None,(blank),(blank),112.9
Chad,1996,(blank),Primary,(blank),(blank),102.0
Chad,1996,(blank),Secondary or higher,(blank),(blank),75.8
Chad,1996,(blank),(blank),(blank),Q1 (Poorest),80.4
Chad,1996,(blank),(blank),(blank),Q2,136.8
Chad,1996,(blank),(blank),(blank),Q3,119.9
Chad,1996,(blank),(blank),(blank),Q4,115.6
Chad,1996,(blank),(blank),(blank),Q5 (Richest),89.8
Chad,1996,(blank),(blank),Urban,(blank),99.4
Chad,1996,(blank),(blank),Rural,(blank),113.2
Chad,1996,Male,(blank),(blank),(blank),120.0
Chad,1996,Female,(blank),(blank),(blank),100.2
Colombia,2010,Male,(blank),(blank),(blank),19.9
Colombia,2010,Female,(blank),(blank),(blank),15.9
Colombia,2010,(blank),(blank),(blank),Q1 (Poorest),21.6
Colombia,2010,(blank),(blank),(blank),Q2,18.6
Colombia,2010,(blank),(blank),(blank),Q3,17.4
Colombia,2010,(blank),(blank),(blank),Q4,17.1
Colombia,2010,(blank),(blank),(blank),Q5 (Richest),12.0
Colombia,2010,(blank),(blank),Urban,(blank),18.1
Colombia,2010,(blank),(blank),Rural,(blank),17.6
Colombia,2010,(blank),None,(blank),(blank),38.0
Colombia,2010,(blank),Primary,(blank),(blank),22.0
Colombia,2010,(blank),Secondary or higher,(blank),(blank),15.3
Colombia,2005,Male,(blank),(blank),(blank),26.3
Colombia,2005,Female,(blank),(blank),(blank),17.9
Colombia,2005,(blank),None,(blank),(blank),43.8
Colombia,2005,(blank),Primary,(blank),(blank),27.4
Colombia,2005,(blank),Secondary or higher,(blank),(blank),17.4
Colombia,2005,(blank),(blank),(blank),Q1 (Poorest),32.0
Colombia,2005,(blank),(blank),(blank),Q2,24.0
Colombia,2005,(blank),(blank),(blank),Q3,20.8
Colombia,2005,(blank),(blank),(blank),Q4,14.1
Colombia,2005,(blank),(blank),(blank),Q5 (Richest),14.5
Colombia,2005,(blank),(blank),Urban,(blank),20.4
Colombia,2005,(blank),(blank),Rural,(blank),26.1
Colombia,2000,(blank),None,(blank),(blank),42.8
Colombia,2000,(blank),Primary,(blank),(blank),28.0
Colombia,2000,(blank),Secondary or higher,(blank),(blank),19.6
Colombia,2000,(blank),(blank),Urban,(blank),21.2
Colombia,2000,(blank),(blank),Rural,(blank),31.0
Colombia,2000,(blank),(blank),(blank),Q1 (Poorest),32.0
Colombia,2000,(blank),(blank),(blank),Q2,31.8
Colombia,2000,(blank),(blank),(blank),Q3,21.8
Colombia,2000,(blank),(blank),(blank),Q4,12.0
Colombia,2000,(blank),(blank),(blank),Q5 (Richest),17.3
Colombia,2000,Male,(blank),(blank),(blank),28.4
Colombia,2000,Female,(blank),(blank),(blank),20.2
Colombia,1995,(blank),(blank),Urban,(blank),28.3
Colombia,1995,(blank),(blank),Rural,(blank),35.3
Colombia,1995,Male,(blank),(blank),(blank),34.9
Colombia,1995,Female,(blank),(blank),(blank),26.6
Colombia,1995,(blank),(blank),(blank),Q1 (Poorest),41.1
Colombia,1995,(blank),(blank),(blank),Q2,31.2
Colombia,1995,(blank),(blank),(blank),Q3,26.8
Colombia,1995,(blank),(blank),(blank),Q4,31.6
Colombia,1995,(blank),(blank),(blank),Q5 (Richest),16.3
Colombia,1995,(blank),None,(blank),(blank),27.2
Colombia,1995,(blank),Primary,(blank),(blank),36.6
Colombia,1995,(blank),Secondary or higher,(blank),(blank),25.6
Comoros,1996,Male,(blank),(blank),(blank),92.5
Comoros,1996,Female,(blank),(blank),(blank),74.8
Comoros,1996,(blank),(blank),Urban,(blank),63.8
Comoros,1996,(blank),(blank),Rural,(blank),90.0
Comoros,1996,(blank),(blank),(blank),Q1 (Poorest),87.2
Comoros,1996,(blank),(blank),(blank),Q2,108.6
Comoros,1996,(blank),(blank),(blank),Q3,83.7
Comoros,1996,(blank),(blank),(blank),Q4,62.6
Comoros,1996,(blank),(blank),(blank),Q5 (Richest),64.6
Comoros,1996,(blank),None,(blank),(blank),87.4
Comoros,1996,(blank),Primary,(blank),(blank),78.5
Comoros,1996,(blank),Secondary or higher,(blank),(blank),67.1
Congo,2005,(blank),(blank),Urban,(blank),66.2
Congo,2005,(blank),(blank),Rural,(blank),93.1
Congo,2005,(blank),(blank),(blank),Q1 (Poorest),91.6
Congo,2005,(blank),(blank),(blank),Q2,95.9
Congo,2005,(blank),(blank),(blank),Q3,75.0
Congo,2005,(blank),(blank),(blank),Q4,76.2
Congo,2005,(blank),(blank),(blank),Q5 (Richest),55.6
Congo,2005,(blank),None,(blank),(blank),134.8
Congo,2005,(blank),Primary,(blank),(blank),95.1
Congo,2005,(blank),Secondary or higher,(blank),(blank),61.8
Congo,2005,Male,(blank),(blank),(blank),83.4
Congo,2005,Female,(blank),(blank),(blank),78.1
Côte d’Ivoire,1998,(blank),None,(blank),(blank),124.6
Côte d’Ivoire,1998,(blank),Primary,(blank),(blank),94.8
Côte d’Ivoire,1998,(blank),Secondary or higher,(blank),(blank),62.5
Côte d’Ivoire,1998,(blank),(blank),(blank),Q1 (Poorest),148.6
Côte d’Ivoire,1998,(blank),(blank),(blank),Q2,120.2
Côte d’Ivoire,1998,(blank),(blank),(blank),Q3,97.1
Côte d’Ivoire,1998,(blank),(blank),(blank),Q4,106.5
Côte d’Ivoire,1998,(blank),(blank),(blank),Q5 (Richest),59.7
Côte d’Ivoire,1998,(blank),(blank),Urban,(blank),84.9
Côte d’Ivoire,1998,(blank),(blank),Rural,(blank),124.9
Côte d’Ivoire,1998,Male,(blank),(blank),(blank),131.5
Côte d’Ivoire,1998,Female,(blank),(blank),(blank),92.9
Côte d’Ivoire,1994,(blank),(blank),Urban,(blank),74.6
Côte d’Ivoire,1994,(blank),(blank),Rural,(blank),99.3
Côte d’Ivoire,1994,(blank),None,(blank),(blank),98.5
Côte d’Ivoire,1994,(blank),Primary,(blank),(blank),78.0
Côte d’Ivoire,1994,(blank),Secondary or higher,(blank),(blank),60.7
Côte d’Ivoire,1994,Male,(blank),(blank),(blank),98.9
Côte d’Ivoire,1994,Female,(blank),(blank),(blank),82.9
Côte d’Ivoire,1994,(blank),(blank),(blank),Q1 (Poorest),117.1
Côte d’Ivoire,1994,(blank),(blank),(blank),Q2,96.2
Côte d’Ivoire,1994,(blank),(blank),(blank),Q3,88.7
Côte d’Ivoire,1994,(blank),(blank),(blank),Q4,79.2
Côte d’Ivoire,1994,(blank),(blank),(blank),Q5 (Richest),62.7
Democratic Republic of the Congo,2007,(blank),(blank),Urban,(blank),74.2
Democratic Republic of the Congo,2007,(blank),(blank),Rural,(blank),107.8
Democratic Republic of the Congo,2007,Male,(blank),(blank),(blank),98.9
Democratic Republic of the Congo,2007,Female,(blank),(blank),(blank),90.7
Democratic Republic of the Congo,2007,(blank),None,(blank),(blank),135.6
Democratic Republic of the Congo,2007,(blank),Primary,(blank),(blank),91.6
Democratic Republic of the Congo,2007,(blank),Secondary or higher,(blank),(blank),68.6
Democratic Republic of the Congo,2007,(blank),(blank),(blank),Q1 (Poorest),112.9
Democratic Republic of the Congo,2007,(blank),(blank),(blank),Q2,105.5
Democratic Republic of the Congo,2007,(blank),(blank),(blank),Q3,95.4
Democratic Republic of the Congo,2007,(blank),(blank),(blank),Q4,92.7
Democratic Republic of the Congo,2007,(blank),(blank),(blank),Q5 (Richest),58.0
Dominican Republic,2007,(blank),(blank),(blank),Q1 (Poorest),43.1
Dominican Republic,2007,(blank),(blank),(blank),Q2,35.0
Dominican Republic,2007,(blank),(blank),(blank),Q3,30.5
Dominican Republic,2007,(blank),(blank),(blank),Q4,23.0
Dominican Republic,2007,(blank),(blank),(blank),Q5 (Richest),25.3
Dominican Republic,2007,(blank),None,(blank),(blank),43.9
Dominican Republic,2007,(blank),Primary,(blank),(blank),37.6
Dominican Republic,2007,(blank),Secondary or higher,(blank),(blank),26.9
Dominican Republic,2007,Male,(blank),(blank),(blank),34.4
Dominican Republic,2007,Female,(blank),(blank),(blank),30.3
Dominican Republic,2007,(blank),(blank),Urban,(blank),32.9
Dominican Republic,2007,(blank),(blank),Rural,(blank),31.5
Dominican Republic,2002,Male,(blank),(blank),(blank),37.6
Dominican Republic,2002,Female,(blank),(blank),(blank),30.9
Dominican Republic,2002,(blank),(blank),Urban,(blank),32.6
Dominican Republic,2002,(blank),(blank),Rural,(blank),37.5
Dominican Republic,2002,(blank),(blank),(blank),Q1 (Poorest),49.9
Dominican Republic,2002,(blank),(blank),(blank),Q2,36.8
Dominican Republic,2002,(blank),(blank),(blank),Q3,35.4
Dominican Republic,2002,(blank),(blank),(blank),Q4,23.6
Dominican Republic,2002,(blank),(blank),(blank),Q5 (Richest),20.1
Dominican Republic,2002,(blank),None,(blank),(blank),51.4
Dominican Republic,2002,(blank),Primary,(blank),(blank),38.9
Dominican Republic,2002,(blank),Secondary or higher,(blank),(blank),26.3
Dominican Republic,1999,(blank),(blank),Urban,(blank),35.7
Dominican Republic,1999,(blank),(blank),Rural,(blank),38.8
Dominican Republic,1999,Male,(blank),(blank),(blank),38.6
Dominican Republic,1999,Female,(blank),(blank),(blank),35.2
Dominican Republic,1999,(blank),(blank),(blank),Q1 (Poorest),65.1
Dominican Republic,1999,(blank),(blank),(blank),Q2,38.0
Dominican Republic,1999,(blank),(blank),(blank),Q3,45.3
Dominican Republic,1999,(blank),Primary,(blank),(blank),51.1
Dominican Republic,1999,(blank),Secondary or higher,(blank),(blank),18.1
Dominican Republic,1996,(blank),None,(blank),(blank),85.4
Dominican Republic,1996,(blank),Primary,(blank),(blank),53.7
Dominican Republic,1996,(blank),Secondary or higher,(blank),(blank),29.4
Dominican Republic,1996,(blank),(blank),(blank),Q1 (Poorest),66.3
Dominican Republic,1996,(blank),(blank),(blank),Q2,55.0
Dominican Republic,1996,(blank),(blank),(blank),Q3,52.2
Dominican Republic,1996,(blank),(blank),(blank),Q4,33.6
Dominican Republic,1996,(blank),(blank),(blank),Q5 (Richest),23.5
Dominican Republic,1996,(blank),(blank),Urban,(blank),45.9
Dominican Republic,1996,(blank),(blank),Rural,(blank),52.5
Dominican Republic,1996,Male,(blank),(blank),(blank),50.9
Dominican Republic,1996,Female,(blank),(blank),(blank),46.2
Egypt,2008,Male,(blank),(blank),(blank),33.5
Egypt,2008,Female,(blank),(blank),(blank),23.3
Egypt,2008,(blank),(blank),(blank),Q1 (Poorest),41.8
Egypt,2008,(blank),(blank),(blank),Q2,30.5
Egypt,2008,(blank),(blank),(blank),Q3,26.3
Egypt,2008,(blank),(blank),(blank),Q4,24.8
Egypt,2008,(blank),(blank),(blank),Q5 (Richest),16.7
Egypt,2008,(blank),(blank),Urban,(blank),25.5
Egypt,2008,(blank),(blank),Rural,(blank),30.4
Egypt,2008,(blank),None,(blank),(blank),37.5
Egypt,2008,(blank),Primary,(blank),(blank),32.6
Egypt,2008,(blank),Secondary or higher,(blank),(blank),22.9
Egypt,2005,(blank),(blank),Urban,(blank),31.6
Egypt,2005,(blank),(blank),Rural,(blank),45.0
Egypt,2005,Male,(blank),(blank),(blank),43.1
Egypt,2005,Female,(blank),(blank),(blank),36.9
Egypt,2005,(blank),None,(blank),(blank),51.8
Egypt,2005,(blank),Primary,(blank),(blank),52.0
Egypt,2005,(blank),Secondary or higher,(blank),(blank),28.4
Egypt,2005,(blank),(blank),(blank),Q1 (Poorest),59.1
Egypt,2005,(blank),(blank),(blank),Q2,42.8
Egypt,2005,(blank),(blank),(blank),Q3,38.7
Egypt,2005,(blank),(blank),(blank),Q4,32.4
Egypt,2005,(blank),(blank),(blank),Q5 (Richest),22.9
Egypt,2000,(blank),(blank),Urban,(blank),43.0
Egypt,2000,(blank),(blank),Rural,(blank),61.7
Egypt,2000,(blank),None,(blank),(blank),68.3
Egypt,2000,(blank),Primary,(blank),(blank),59.1
Egypt,2000,(blank),Secondary or higher,(blank),(blank),35.8
Egypt,2000,Male,(blank),(blank),(blank),55.1
Egypt,2000,Female,(blank),(blank),(blank),54.2
Egypt,2000,(blank),(blank),(blank),Q1 (Poorest),75.9
Egypt,2000,(blank),(blank),(blank),Q2,64.1
Egypt,2000,(blank),(blank),(blank),Q3,53.9
Egypt,2000,(blank),(blank),(blank),Q4,43.1
Egypt,2000,(blank),(blank),(blank),Q5 (Richest),29.4
Egypt,1995,(blank),(blank),Urban,(blank),50.9
Egypt,1995,(blank),(blank),Rural,(blank),86.8
Egypt,1995,Male,(blank),(blank),(blank),72.3
Egypt,1995,Female,(blank),(blank),(blank),73.4
Egypt,1995,(blank),None,(blank),(blank),93.4
Egypt,1995,(blank),Primary,(blank),(blank),70.0
Egypt,1995,(blank),Secondary or higher,(blank),(blank),37.4
Egypt,1995,(blank),(blank),(blank),Q1 (Poorest),109.8
Egypt,1995,(blank),(blank),(blank),Q2,88.9
Egypt,1995,(blank),(blank),(blank),Q3,64.7
Egypt,1995,(blank),(blank),(blank),Q4,50.1
Egypt,1995,(blank),(blank),(blank),Q5 (Richest),31.3
Ethiopia,2011,Male,(blank),(blank),(blank),84.2
Ethiopia,2011,Female,(blank),(blank),(blank),62.6
Ethiopia,2011,(blank),(blank),Urban,(blank),59.7
Ethiopia,2011,(blank),(blank),Rural,(blank),75.8
Ethiopia,2011,(blank),(blank),(blank),Q1 (Poorest),91.2
Ethiopia,2011,(blank),(blank),(blank),Q2,83.9
Ethiopia,2011,(blank),(blank),(blank),Q3,60.5
Ethiopia,2011,(blank),(blank),(blank),Q4,65.9
Ethiopia,2011,(blank),(blank),(blank),Q5 (Richest),60.0
Ethiopia,2011,(blank),None,(blank),(blank),80.6
Ethiopia,2011,(blank),Primary,(blank),(blank),58.2
Ethiopia,2011,(blank),Secondary or higher,(blank),(blank),33.6
Ethiopia,2005,(blank),(blank),(blank),Q1 (Poorest),79.1
Ethiopia,2005,(blank),(blank),(blank),Q2,86.2
Ethiopia,2005,(blank),(blank),(blank),Q3,86.0
Ethiopia,2005,(blank),(blank),(blank),Q4,84.4
Ethiopia,2005,(blank),(blank),(blank),Q5 (Richest),60.0
Ethiopia,2005,(blank),None,(blank),(blank),82.6
Ethiopia,2005,(blank),Primary,(blank),(blank),78.7
Ethiopia,2005,(blank),Secondary or higher,(blank),(blank),37.4
Ethiopia,2005,Male,(blank),(blank),(blank),90.7
Ethiopia,2005,Female,(blank),(blank),(blank),69.3
Ethiopia,2005,(blank),(blank),Urban,(blank),65.9
Ethiopia,2005,(blank),(blank),Rural,(blank),81.4
Ethiopia,2000,(blank),None,(blank),(blank),118.9
Ethiopia,2000,(blank),Primary,(blank),(blank),85.1
Ethiopia,2000,(blank),Secondary or higher,(blank),(blank),64.0
Ethiopia,2000,(blank),(blank),Urban,(blank),96.2
Ethiopia,2000,(blank),(blank),Rural,(blank),114.7
Ethiopia,2000,(blank),(blank),(blank),Q1 (Poorest),93.0
Ethiopia,2000,(blank),(blank),(blank),Q2,114.7
Ethiopia,2000,(blank),(blank),(blank),Q3,141.5
Ethiopia,2000,(blank),(blank),(blank),Q4,117.6
Ethiopia,2000,(blank),(blank),(blank),Q5 (Richest),94.8
Ethiopia,2000,Male,(blank),(blank),(blank),124.0
Ethiopia,2000,Female,(blank),(blank),(blank),100.8
Gabon,2000,Male,(blank),(blank),(blank),74.2
Gabon,2000,Female,(blank),(blank),(blank),48.7
Gabon,2000,(blank),(blank),(blank),Q1 (Poorest),57.2
Gabon,2000,(blank),(blank),(blank),Q2,69.0
Gabon,2000,(blank),(blank),(blank),Q3,66.7
Gabon,2000,(blank),(blank),(blank),Q4,72.2
Gabon,2000,(blank),(blank),(blank),Q5 (Richest),36.2
Gabon,2000,(blank),(blank),Urban,(blank),60.9
Gabon,2000,(blank),(blank),Rural,(blank),62.4
Gabon,2000,(blank),None,(blank),(blank),65.5
Gabon,2000,(blank),Primary,(blank),(blank),59.2
Gabon,2000,(blank),Secondary or higher,(blank),(blank),62.5
Ghana,2008,(blank),None,(blank),(blank),61.6
Ghana,2008,(blank),Primary,(blank),(blank),54.8
Ghana,2008,(blank),Secondary or higher,(blank),(blank),46.7
Ghana,2008,(blank),(blank),Urban,(blank),48.6
Ghana,2008,(blank),(blank),Rural,(blank),56.8
Ghana,2008,(blank),(blank),(blank),Q1 (Poorest),59.7
Ghana,2008,(blank),(blank),(blank),Q2,45.0
Ghana,2008,(blank),(blank),(blank),Q3,70.5
Ghana,2008,(blank),(blank),(blank),Q4,44.3
Ghana,2008,(blank),(blank),(blank),Q5 (Richest),46.3
Ghana,2008,Male,(blank),(blank),(blank),58.2
Ghana,2008,Female,(blank),(blank),(blank),49.1
Ghana,2003,(blank),None,(blank),(blank),66.1
Ghana,2003,(blank),Primary,(blank),(blank),76.2
Ghana,2003,(blank),Secondary or higher,(blank),(blank),55.5
Ghana,2003,Male,(blank),(blank),(blank),69.9
Ghana,2003,Female,(blank),(blank),(blank),58.8
Ghana,2003,(blank),(blank),Urban,(blank),54.6
Ghana,2003,(blank),(blank),Rural,(blank),69.5
Ghana,2003,(blank),(blank),(blank),Q1 (Poorest),61.1
Ghana,2003,(blank),(blank),(blank),Q2,64.0
Ghana,2003,(blank),(blank),(blank),Q3,73.6
Ghana,2003,(blank),(blank),(blank),Q4,66.1
Ghana,2003,(blank),(blank),(blank),Q5 (Richest),56.8
Ghana,1998,(blank),None,(blank),(blank),66.5
Ghana,1998,(blank),Primary,(blank),(blank),71.0
Ghana,1998,(blank),Secondary or higher,(blank),(blank),50.8
Ghana,1998,Male,(blank),(blank),(blank),64.5
Ghana,1998,Female,(blank),(blank),(blank),58.0
Ghana,1998,(blank),(blank),Urban,(blank),42.3
Ghana,1998,(blank),(blank),Rural,(blank),67.7
Ghana,1998,(blank),(blank),(blank),Q1 (Poorest),71.3
Ghana,1998,(blank),(blank),(blank),Q2,63.1
Ghana,1998,(blank),(blank),(blank),Q3,80.7
Ghana,1998,(blank),(blank),(blank),Q4,54.4
Ghana,1998,(blank),(blank),(blank),Q5 (Richest),21.3
Ghana,1993,(blank),None,(blank),(blank),87.1
Ghana,1993,(blank),Primary,(blank),(blank),66.7
Ghana,1993,(blank),Secondary or higher,(blank),(blank),44.9
Ghana,1993,(blank),(blank),(blank),Q1 (Poorest),77.5
Ghana,1993,(blank),(blank),(blank),Q2,94.6
Ghana,1993,(blank),(blank),(blank),Q3,82.8
Ghana,1993,(blank),(blank),(blank),Q4,64.2
Ghana,1993,(blank),(blank),(blank),Q5 (Richest),45.8
Ghana,1993,(blank),(blank),Urban,(blank),54.9
Ghana,1993,(blank),(blank),Rural,(blank),82.2
Ghana,1993,Male,(blank),(blank),(blank),79.2
Ghana,1993,Female,(blank),(blank),(blank),70.1
Guatemala,1998,(blank),(blank),(blank),Q1 (Poorest),58.1
Guatemala,1998,(blank),(blank),(blank),Q2,50.8
Guatemala,1998,(blank),(blank),(blank),Q3,52.1
Guatemala,1998,(blank),(blank),(blank),Q4,39.9
Guatemala,1998,(blank),(blank),(blank),Q5 (Richest),39.5
Guatemala,1998,(blank),(blank),Urban,(blank),49.1
Guatemala,1998,(blank),(blank),Rural,(blank),49.3
Guatemala,1998,Male,(blank),(blank),(blank),50.0
Guatemala,1998,Female,(blank),(blank),(blank),48.4
Guatemala,1998,(blank),None,(blank),(blank),55.9
Guatemala,1998,(blank),Primary,(blank),(blank),46.6
Guatemala,1998,(blank),Secondary or higher,(blank),(blank),41.4
Guatemala,1995,(blank),(blank),Urban,(blank),45.0
Guatemala,1995,(blank),(blank),Rural,(blank),62.9
Guatemala,1995,(blank),(blank),(blank),Q1 (Poorest),57.0
Guatemala,1995,(blank),(blank),(blank),Q2,79.2
Guatemala,1995,(blank),(blank),(blank),Q3,55.4
Guatemala,1995,(blank),(blank),(blank),Q4,46.7
Guatemala,1995,(blank),(blank),(blank),Q5 (Richest),35.3
Guatemala,1995,(blank),None,(blank),(blank),69.6
Guatemala,1995,(blank),Primary,(blank),(blank),53.6
Guatemala,1995,(blank),Secondary or higher,(blank),(blank),25.9
Guatemala,1995,Male,(blank),(blank),(blank),62.4
Guatemala,1995,Female,(blank),(blank),(blank),51.6
Guinea,2005,(blank),(blank),Urban,(blank),82.1
Guinea,2005,(blank),(blank),Rural,(blank),117.8
Guinea,2005,Male,(blank),(blank),(blank),121.9
Guinea,2005,Female,(blank),(blank),(blank),96.8
Guinea,2005,(blank),None,(blank),(blank),112.8
Guinea,2005,(blank),Primary,(blank),(blank),101.1
Guinea,2005,(blank),Secondary or higher,(blank),(blank),66.1
Guinea,2005,(blank),(blank),(blank),Q1 (Poorest),126.3
Guinea,2005,(blank),(blank),(blank),Q2,122.5
Guinea,2005,(blank),(blank),(blank),Q3,114.3
Guinea,2005,(blank),(blank),(blank),Q4,101.0
Guinea,2005,(blank),(blank),(blank),Q5 (Richest),68.2
Guinea,1999,(blank),(blank),Urban,(blank),79.2
Guinea,1999,(blank),(blank),Rural,(blank),115.9
Guinea,1999,Male,(blank),(blank),(blank),112.3
Guinea,1999,Female,(blank),(blank),(blank),100.8
Guinea,1999,(blank),(blank),(blank),Q1 (Poorest),119.2
Guinea,1999,(blank),(blank),(blank),Q2,128.0
Guinea,1999,(blank),(blank),(blank),Q3,113.6
Guinea,1999,(blank),(blank),(blank),Q4,91.3
Guinea,1999,(blank),(blank),(blank),Q5 (Richest),70.4
Guinea,1999,(blank),None,(blank),(blank),112.2
Guinea,1999,(blank),Primary,(blank),(blank),78.4
Guinea,1999,(blank),Secondary or higher,(blank),(blank),60.0
Guyana,2009,(blank),(blank),Urban,(blank),45.5
Guyana,2009,(blank),(blank),Rural,(blank),32.0
Guyana,2009,(blank),Primary,(blank),(blank),41.7
Guyana,2009,(blank),Secondary or higher,(blank),(blank),32.2
Guyana,2009,Male,(blank),(blank),(blank),36.1
Guyana,2009,Female,(blank),(blank),(blank),34.1
Guyana,2009,(blank),(blank),(blank),Q1 (Poorest),25.3
Guyana,2009,(blank),(blank),(blank),Q2,36.6
Guyana,2009,(blank),(blank),(blank),Q3,34.0
Guyana,2009,(blank),(blank),(blank),Q4,42.5
Guyana,2009,(blank),(blank),(blank),Q5 (Richest),44.4
Haiti,2005,(blank),(blank),(blank),Q1 (Poorest),78.7
Haiti,2005,(blank),(blank),(blank),Q2,76.4
Haiti,2005,(blank),(blank),(blank),Q3,79.6
Haiti,2005,(blank),(blank),(blank),Q4,58.3
Haiti,2005,(blank),(blank),(blank),Q5 (Richest),44.8
Haiti,2005,(blank),None,(blank),(blank),85.5
Haiti,2005,(blank),Primary,(blank),(blank),62.0
Haiti,2005,(blank),Secondary or higher,(blank),(blank),52.7
Haiti,2005,Male,(blank),(blank),(blank),75.1
Haiti,2005,Female,(blank),(blank),(blank),64.8
Haiti,2005,(blank),(blank),Urban,(blank),57.4
Haiti,2005,(blank),(blank),Rural,(blank),76.1
Haiti,2000,(blank),(blank),Urban,(blank),87.5
Haiti,2000,(blank),(blank),Rural,(blank),90.3
Haiti,2000,(blank),None,(blank),(blank),91.0
Haiti,2000,(blank),Primary,(blank),(blank),97.5
Haiti,2000,(blank),Secondary or higher,(blank),(blank),56.2
Haiti,2000,Male,(blank),(blank),(blank),96.3
Haiti,2000,Female,(blank),(blank),(blank),82.9
Haiti,2000,(blank),(blank),(blank),Q1 (Poorest),99.6
Haiti,2000,(blank),(blank),(blank),Q2,69.3
Haiti,2000,(blank),(blank),(blank),Q3,93.1
Haiti,2000,(blank),(blank),(blank),Q4,88.6
Haiti,2000,(blank),(blank),(blank),Q5 (Richest),98.7
Haiti,1994,(blank),(blank),Urban,(blank),83.4
Haiti,1994,(blank),(blank),Rural,(blank),88.8
Haiti,1994,(blank),None,(blank),(blank),95.4
Haiti,1994,(blank),Primary,(blank),(blank),78.1
Haiti,1994,(blank),Secondary or higher,(blank),(blank),75.9
Haiti,1994,Male,(blank),(blank),(blank),97.6
Haiti,1994,Female,(blank),(blank),(blank),76.3
Haiti,1994,(blank),(blank),(blank),Q1 (Poorest),93.6
Haiti,1994,(blank),(blank),(blank),Q2,93.5
Haiti,1994,(blank),(blank),(blank),Q3,86.1
Haiti,1994,(blank),(blank),(blank),Q4,81.7
Haiti,1994,(blank),(blank),(blank),Q5 (Richest),73.8
Honduras,2005,(blank),(blank),Urban,(blank),23.6
Honduras,2005,(blank),(blank),Rural,(blank),32.6
Honduras,2005,Male,(blank),(blank),(blank),31.5
Honduras,2005,Female,(blank),(blank),(blank),25.8
Honduras,2005,(blank),None,(blank),(blank),36.7
Honduras,2005,(blank),Primary,(blank),(blank),31.1
Honduras,2005,(blank),Secondary or higher,(blank),(blank),16.7
Honduras,2005,(blank),(blank),(blank),Q1 (Poorest),37.0
Honduras,2005,(blank),(blank),(blank),Q2,35.8
Honduras,2005,(blank),(blank),(blank),Q3,27.3
Honduras,2005,(blank),(blank),(blank),Q4,19.6
Honduras,2005,(blank),(blank),(blank),Q5 (Richest),18.7
India,2005,(blank),(blank),(blank),Q1 (Poorest),82.0
India,2005,(blank),(blank),(blank),Q2,73.4
India,2005,(blank),(blank),(blank),Q3,66.0
India,2005,(blank),(blank),(blank),Q4,51.2
India,2005,(blank),(blank),(blank),Q5 (Richest),34.2
India,2005,(blank),None,(blank),(blank),77.8
India,2005,(blank),Primary,(blank),(blank),63.8
India,2005,(blank),Secondary or higher,(blank),(blank),42.4
India,2005,Male,(blank),(blank),(blank),65.9
India,2005,Female,(blank),(blank),(blank),63.9
India,2005,(blank),(blank),Urban,(blank),48.4
India,2005,(blank),(blank),Rural,(blank),70.6
India,1998,(blank),None,(blank),(blank),87.0
India,1998,(blank),Primary,(blank),(blank),67.2
India,1998,(blank),Secondary or higher,(blank),(blank),42.0
India,1998,Male,(blank),(blank),(blank),74.8
India,1998,Female,(blank),(blank),(blank),71.1
India,1998,(blank),(blank),Urban,(blank),49.3
India,1998,(blank),(blank),Rural,(blank),79.7
India,1998,(blank),(blank),(blank),Q1 (Poorest),96.4
India,1998,(blank),(blank),(blank),Q2,80.7
India,1998,(blank),(blank),(blank),Q3,76.4
India,1998,(blank),(blank),(blank),Q4,55.4
India,1998,(blank),(blank),(blank),Q5 (Richest),38.1
Indonesia,2007,(blank),(blank),Urban,(blank),30.7
Indonesia,2007,(blank),(blank),Rural,(blank),44.7
Indonesia,2007,Male,(blank),(blank),(blank),42.6
Indonesia,2007,Female,(blank),(blank),(blank),35.0
Indonesia,2007,(blank),None,(blank),(blank),72.1
Indonesia,2007,(blank),Primary,(blank),(blank),46.4
Indonesia,2007,(blank),Secondary or higher,(blank),(blank),28.8
Indonesia,2007,(blank),(blank),(blank),Q1 (Poorest),55.7
Indonesia,2007,(blank),(blank),(blank),Q2,47.1
Indonesia,2007,(blank),(blank),(blank),Q3,32.5
Indonesia,2007,(blank),(blank),(blank),Q4,29.0
Indonesia,2007,(blank),(blank),(blank),Q5 (Richest),25.8
Indonesia,2002,(blank),(blank),(blank),Q1 (Poorest),60.4
Indonesia,2002,(blank),(blank),(blank),Q2,50.2
Indonesia,2002,(blank),(blank),(blank),Q3,44.2
Indonesia,2002,(blank),(blank),(blank),Q4,36.4
Indonesia,2002,(blank),(blank),(blank),Q5 (Richest),17.0
Indonesia,2002,(blank),(blank),Urban,(blank),32.0
Indonesia,2002,(blank),(blank),Rural,(blank),52.2
Indonesia,2002,Male,(blank),(blank),(blank),45.6
Indonesia,2002,Female,(blank),(blank),(blank),40.0
Indonesia,2002,(blank),None,(blank),(blank),67.4
Indonesia,2002,(blank),Primary,(blank),(blank),50.6
Indonesia,2002,(blank),Secondary or higher,(blank),(blank),29.1
Indonesia,1997,(blank),(blank),Urban,(blank),36.0
Indonesia,1997,(blank),(blank),Rural,(blank),57.8
Indonesia,1997,(blank),None,(blank),(blank),77.8
Indonesia,1997,(blank),Primary,(blank),(blank),58.5
Indonesia,1997,(blank),Secondary or higher,(blank),(blank),28.2
Indonesia,1997,Male,(blank),(blank),(blank),58.9
Indonesia,1997,Female,(blank),(blank),(blank),44.9
Indonesia,1997,(blank),(blank),(blank),Q1 (Poorest),78.2
Indonesia,1997,(blank),(blank),(blank),Q2,57.2
Indonesia,1997,(blank),(blank),(blank),Q3,50.6
Indonesia,1997,(blank),(blank),(blank),Q4,39.6
Indonesia,1997,(blank),(blank),(blank),Q5 (Richest),23.5
Indonesia,1994,Male,(blank),(blank),(blank),73.4
Indonesia,1994,Female,(blank),(blank),(blank),58.7
Indonesia,1994,(blank),None,(blank),(blank),90.2
Indonesia,1994,(blank),Primary,(blank),(blank),70.3
Indonesia,1994,(blank),Secondary or higher,(blank),(blank),39.8
Indonesia,1994,(blank),(blank),Urban,(blank),42.8
Indonesia,1994,(blank),(blank),Rural,(blank),75.1
Jordan,2007,Male,(blank),(blank),(blank),19.8
Jordan,2007,Female,(blank),(blank),(blank),20.5
Jordan,2007,(blank),(blank),Urban,(blank),19.7
Jordan,2007,(blank),(blank),Rural,(blank),22.5
Jordan,2007,(blank),(blank),(blank),Q1 (Poorest),25.0
Jordan,2007,(blank),(blank),(blank),Q2,21.0
Jordan,2007,(blank),(blank),(blank),Q3,12.7
Jordan,2007,(blank),(blank),(blank),Q4,17.4
Jordan,2007,(blank),(blank),(blank),Q5 (Richest),25.1
Jordan,2007,(blank),None,(blank),(blank),22.7
Jordan,2007,(blank),Primary,(blank),(blank),28.7
Jordan,2007,(blank),Secondary or higher,(blank),(blank),19.4
Jordan,2002,Male,(blank),(blank),(blank),25.4
Jordan,2002,Female,(blank),(blank),(blank),23.6
Jordan,2002,(blank),(blank),Urban,(blank),22.8
Jordan,2002,(blank),(blank),Rural,(blank),30.3
Jordan,2002,(blank),(blank),(blank),Q1 (Poorest),28.9
Jordan,2002,(blank),(blank),(blank),Q2,26.4
Jordan,2002,(blank),(blank),(blank),Q3,24.6
Jordan,2002,(blank),(blank),(blank),Q4,20.6
Jordan,2002,(blank),(blank),(blank),Q5 (Richest),18.6
Jordan,1997,(blank),(blank),(blank),Q1 (Poorest),35.6
Jordan,1997,(blank),(blank),(blank),Q2,28.0
Jordan,1997,(blank),(blank),(blank),Q3,30.1
Jordan,1997,(blank),(blank),(blank),Q4,26.1
Jordan,1997,(blank),(blank),(blank),Q5 (Richest),23.3
Jordan,1997,Male,(blank),(blank),(blank),34.3
Jordan,1997,Female,(blank),(blank),(blank),23.3
Jordan,1997,(blank),None,(blank),(blank),54.8
Jordan,1997,(blank),Primary,(blank),(blank),31.5
Jordan,1997,(blank),Secondary or higher,(blank),(blank),25.4
Jordan,1997,(blank),(blank),Urban,(blank),26.7
Jordan,1997,(blank),(blank),Rural,(blank),38.6
Kazakhstan,1999,(blank),(blank),(blank),Q1 (Poorest),66.0
Kazakhstan,1999,(blank),(blank),(blank),Q2,65.7
Kazakhstan,1999,(blank),(blank),(blank),Q3,65.9
Kazakhstan,1999,(blank),(blank),(blank),Q4,27.6
Kazakhstan,1999,(blank),(blank),(blank),Q5 (Richest),42.9
Kazakhstan,1999,Male,(blank),(blank),(blank),61.8
Kazakhstan,1999,Female,(blank),(blank),(blank),47.3
Kazakhstan,1999,(blank),Secondary or higher,(blank),(blank),55.1
Kazakhstan,1999,(blank),(blank),Urban,(blank),43.9
Kazakhstan,1999,(blank),(blank),Rural,(blank),63.4
Kazakhstan,1995,(blank),(blank),Urban,(blank),38.9
Kazakhstan,1995,(blank),(blank),Rural,(blank),40.9
Kazakhstan,1995,Male,(blank),(blank),(blank),45.4
Kazakhstan,1995,Female,(blank),(blank),(blank),34.3
Kazakhstan,1995,(blank),Secondary or higher,(blank),(blank),40.1
Kazakhstan,1995,(blank),(blank),(blank),Q1 (Poorest),37.1
Kazakhstan,1995,(blank),(blank),(blank),Q2,43.5
Kazakhstan,1995,(blank),(blank),(blank),Q3,33.9
Kazakhstan,1995,(blank),(blank),(blank),Q4,49.4
Kazakhstan,1995,(blank),(blank),(blank),Q5 (Richest),35.4
Kenya,2008,Male,(blank),(blank),(blank),64.5
Kenya,2008,Female,(blank),(blank),(blank),53.6
Kenya,2008,(blank),(blank),(blank),Q1 (Poorest),65.1
Kenya,2008,(blank),(blank),(blank),Q2,64.5
Kenya,2008,(blank),(blank),(blank),Q3,66.9
Kenya,2008,(blank),(blank),(blank),Q4,39.3
Kenya,2008,(blank),(blank),(blank),Q5 (Richest),56.8
Kenya,2008,(blank),(blank),Urban,(blank),63.2
Kenya,2008,(blank),(blank),Rural,(blank),58.3
Kenya,2008,(blank),None,(blank),(blank),63.6
Kenya,2008,(blank),Primary,(blank),(blank),63.4
Kenya,2008,(blank),Secondary or higher,(blank),(blank),44.9
Kenya,2003,(blank),None,(blank),(blank),80.4
Kenya,2003,(blank),Primary,(blank),(blank),85.4
Kenya,2003,(blank),Secondary or higher,(blank),(blank),44.1
Kenya,2003,(blank),(blank),(blank),Q1 (Poorest),96.4
Kenya,2003,(blank),(blank),(blank),Q2,75.1
Kenya,2003,(blank),(blank),(blank),Q3,82.6
Kenya,2003,(blank),(blank),(blank),Q4,53.5
Kenya,2003,(blank),(blank),(blank),Q5 (Richest),62.3
Kenya,2003,(blank),(blank),Urban,(blank),61.2
Kenya,2003,(blank),(blank),Rural,(blank),79.1
Kenya,2003,Male,(blank),(blank),(blank),84.1
Kenya,2003,Female,(blank),(blank),(blank),67.4
Kenya,1998,(blank),None,(blank),(blank),83.2
Kenya,1998,(blank),Primary,(blank),(blank),80.0
Kenya,1998,(blank),Secondary or higher,(blank),(blank),40.2
Kenya,1998,(blank),(blank),Urban,(blank),55.2
Kenya,1998,(blank),(blank),Rural,(blank),74.2
Kenya,1998,Male,(blank),(blank),(blank),74.9
Kenya,1998,Female,(blank),(blank),(blank),67.0
Kenya,1998,(blank),(blank),(blank),Q1 (Poorest),96.2
Kenya,1998,(blank),(blank),(blank),Q2,83.5
Kenya,1998,(blank),(blank),(blank),Q3,59.0
Kenya,1998,(blank),(blank),(blank),Q4,60.6
Kenya,1998,(blank),(blank),(blank),Q5 (Richest),40.7
Kenya,1993,(blank),None,(blank),(blank),66.3
Kenya,1993,(blank),Primary,(blank),(blank),70.8
Kenya,1993,(blank),Secondary or higher,(blank),(blank),35.0
Kenya,1993,Male,(blank),(blank),(blank),66.6
Kenya,1993,Female,(blank),(blank),(blank),58.8
Kenya,1993,(blank),(blank),Urban,(blank),45.6
Kenya,1993,(blank),(blank),Rural,(blank),64.9
Kenya,1993,(blank),(blank),(blank),Q1 (Poorest),89.7
Kenya,1993,(blank),(blank),(blank),Q2,79.4
Kenya,1993,(blank),(blank),(blank),Q3,52.9
Kenya,1993,(blank),(blank),(blank),Q4,39.3
Kenya,1993,(blank),(blank),(blank),Q5 (Richest),43.5
Kyrgyzstan,1997,Male,(blank),(blank),(blank),71.8
Kyrgyzstan,1997,Female,(blank),(blank),(blank),59.4
Kyrgyzstan,1997,(blank),(blank),(blank),Q1 (Poorest),82.0
Kyrgyzstan,1997,(blank),(blank),(blank),Q2,73.2
Kyrgyzstan,1997,(blank),(blank),(blank),Q3,66.6
Kyrgyzstan,1997,(blank),(blank),(blank),Q4,49.6
Kyrgyzstan,1997,(blank),(blank),(blank),Q5 (Richest),46.4
Kyrgyzstan,1997,(blank),(blank),Urban,(blank),54.6
Kyrgyzstan,1997,(blank),(blank),Rural,(blank),69.8
Kyrgyzstan,1997,(blank),Secondary or higher,(blank),(blank),65.6
Lesotho,2009,(blank),(blank),(blank),Q1 (Poorest),87.6
Lesotho,2009,(blank),(blank),(blank),Q2,93.9
Lesotho,2009,(blank),(blank),(blank),Q3,75.8
Lesotho,2009,(blank),(blank),(blank),Q4,91.4
Lesotho,2009,(blank),(blank),(blank),Q5 (Richest),65.2
Lesotho,2009,Male,(blank),(blank),(blank),99.2
Lesotho,2009,Female,(blank),(blank),(blank),66.3
Lesotho,2009,(blank),Primary,(blank),(blank),92.0
Lesotho,2009,(blank),Secondary or higher,(blank),(blank),71.2
Lesotho,2009,(blank),(blank),Urban,(blank),74.2
Lesotho,2009,(blank),(blank),Rural,(blank),86.0
Lesotho,2004,(blank),(blank),Urban,(blank),64.3
Lesotho,2004,(blank),(blank),Rural,(blank),86.6
Lesotho,2004,Male,(blank),(blank),(blank),88.0
Lesotho,2004,Female,(blank),(blank),(blank),77.9
Lesotho,2004,(blank),(blank),(blank),Q1 (Poorest),86.8
Lesotho,2004,(blank),(blank),(blank),Q2,89.9
Lesotho,2004,(blank),(blank),(blank),Q3,91.8
Lesotho,2004,(blank),(blank),(blank),Q4,76.0
Lesotho,2004,(blank),(blank),(blank),Q5 (Richest),70.1
Lesotho,2004,(blank),Primary,(blank),(blank),87.0
Lesotho,2004,(blank),Secondary or higher,(blank),(blank),70.1
Liberia,2007,(blank),(blank),Urban,(blank),77.8
Liberia,2007,(blank),(blank),Rural,(blank),98.7
Liberia,2007,Male,(blank),(blank),(blank),96.7
Liberia,2007,Female,(blank),(blank),(blank),87.3
Liberia,2007,(blank),None,(blank),(blank),107.3
Liberia,2007,(blank),Primary,(blank),(blank),83.1
Liberia,2007,(blank),Secondary or higher,(blank),(blank),59.5
Liberia,2007,(blank),(blank),(blank),Q1 (Poorest),99.8
Liberia,2007,(blank),(blank),(blank),Q2,104.3
Liberia,2007,(blank),(blank),(blank),Q3,81.4
Liberia,2007,(blank),(blank),(blank),Q4,95.0
Liberia,2007,(blank),(blank),(blank),Q5 (Richest),70.5
Madagascar,2008,Male,(blank),(blank),(blank),57.4
Madagascar,2008,Female,(blank),(blank),(blank),49.2
Madagascar,2008,(blank),None,(blank),(blank),59.3
Madagascar,2008,(blank),Primary,(blank),(blank),55.8
Madagascar,2008,(blank),Secondary or higher,(blank),(blank),38.6
Madagascar,2008,(blank),(blank),Urban,(blank),44.6
Madagascar,2008,(blank),(blank),Rural,(blank),54.4
Madagascar,2008,(blank),(blank),(blank),Q1 (Poorest),61.0
Madagascar,2008,(blank),(blank),(blank),Q2,59.3
Madagascar,2008,(blank),(blank),(blank),Q3,59.2
Madagascar,2008,(blank),(blank),(blank),Q4,42.8
Madagascar,2008,(blank),(blank),(blank),Q5 (Richest),36.0
Madagascar,2003,(blank),None,(blank),(blank),96.9
Madagascar,2003,(blank),Primary,(blank),(blank),66.5
Madagascar,2003,(blank),Secondary or higher,(blank),(blank),43.4
Madagascar,2003,Male,(blank),(blank),(blank),75.6
Madagascar,2003,Female,(blank),(blank),(blank),63.6
Madagascar,2003,(blank),(blank),Urban,(blank),42.8
Madagascar,2003,(blank),(blank),Rural,(blank),75.7
Madagascar,2003,(blank),(blank),(blank),Q1 (Poorest),86.5
Madagascar,2003,(blank),(blank),(blank),Q2,90.9
Madagascar,2003,(blank),(blank),(blank),Q3,65.3
Madagascar,2003,(blank),(blank),(blank),Q4,55.2
Madagascar,2003,(blank),(blank),(blank),Q5 (Richest),32.9
Madagascar,1997,(blank),None,(blank),(blank),124.9
Madagascar,1997,(blank),Primary,(blank),(blank),101.7
Madagascar,1997,(blank),Secondary or higher,(blank),(blank),62.7
Madagascar,1997,(blank),(blank),Urban,(blank),77.8
Madagascar,1997,(blank),(blank),Rural,(blank),104.8
Madagascar,1997,(blank),(blank),(blank),Q1 (Poorest),118.8
Madagascar,1997,(blank),(blank),(blank),Q2,118.6
Madagascar,1997,(blank),(blank),(blank),Q3,102.4
Madagascar,1997,(blank),(blank),(blank),Q4,76.5
Madagascar,1997,(blank),(blank),(blank),Q5 (Richest),57.2
Madagascar,1997,Male,(blank),(blank),(blank),108.7
Madagascar,1997,Female,(blank),(blank),(blank),89.2
Malawi,2010,Male,(blank),(blank),(blank),81.1
Malawi,2010,Female,(blank),(blank),(blank),65.0
Malawi,2010,(blank),None,(blank),(blank),70.2
Malawi,2010,(blank),Primary,(blank),(blank),75.3
Malawi,2010,(blank),Secondary or higher,(blank),(blank),65.5
Malawi,2010,(blank),(blank),Urban,(blank),72.3
Malawi,2010,(blank),(blank),Rural,(blank),73.2
Malawi,2010,(blank),(blank),(blank),Q1 (Poorest),69.2
Malawi,2010,(blank),(blank),(blank),Q2,78.9
Malawi,2010,(blank),(blank),(blank),Q3,72.6
Malawi,2010,(blank),(blank),(blank),Q4,72.9
Malawi,2010,(blank),(blank),(blank),Q5 (Richest),71.1
Malawi,2004,(blank),(blank),Urban,(blank),60.6
Malawi,2004,(blank),(blank),Rural,(blank),97.4
Malawi,2004,Male,(blank),(blank),(blank),97.2
Malawi,2004,Female,(blank),(blank),(blank),87.8
Malawi,2004,(blank),(blank),(blank),Q1 (Poorest),108.5
Malawi,2004,(blank),(blank),(blank),Q2,99.1
Malawi,2004,(blank),(blank),(blank),Q3,94.4
Malawi,2004,(blank),(blank),(blank),Q4,89.6
Malawi,2004,(blank),(blank),(blank),Q5 (Richest),66.1
Malawi,2004,(blank),None,(blank),(blank),101.6
Malawi,2004,(blank),Primary,(blank),(blank),92.1
Malawi,2004,(blank),Secondary or higher,(blank),(blank),63.3
Malawi,2000,(blank),(blank),Urban,(blank),81.4
Malawi,2000,(blank),(blank),Rural,(blank),116.0
Malawi,2000,(blank),None,(blank),(blank),116.5
Malawi,2000,(blank),Primary,(blank),(blank),113.1
Malawi,2000,(blank),Secondary or higher,(blank),(blank),65.2
Malawi,2000,Male,(blank),(blank),(blank),116.1
Malawi,2000,Female,(blank),(blank),(blank),107.5
Malawi,2000,(blank),(blank),(blank),Q1 (Poorest),129.4
Malawi,2000,(blank),(blank),(blank),Q2,103.5
Malawi,2000,(blank),(blank),(blank),Q3,109.0
Malawi,2000,(blank),(blank),(blank),Q4,125.2
Malawi,2000,(blank),(blank),(blank),Q5 (Richest),87.4
Maldives,2009,Male,(blank),(blank),(blank),24.3
Maldives,2009,Female,(blank),(blank),(blank),20.7
Maldives,2009,(blank),(blank),(blank),Q1 (Poorest),21.4
Maldives,2009,(blank),(blank),(blank),Q2,25.4
Maldives,2009,(blank),(blank),(blank),Q3,27.9
Maldives,2009,(blank),(blank),(blank),Q4,16.4
Maldives,2009,(blank),(blank),(blank),Q5 (Richest),20.6
Maldives,2009,(blank),(blank),Urban,(blank),23.0
Maldives,2009,(blank),(blank),Rural,(blank),22.3
Maldives,2009,(blank),None,(blank),(blank),40.9
Maldives,2009,(blank),Primary,(blank),(blank),22.5
Maldives,2009,(blank),Secondary or higher,(blank),(blank),11.7
Mali,2006,(blank),(blank),Urban,(blank),82.9
Mali,2006,(blank),(blank),Rural,(blank),122.2
Mali,2006,(blank),None,(blank),(blank),115.5
Mali,2006,(blank),Primary,(blank),(blank),96.9
Mali,2006,(blank),Secondary or higher,(blank),(blank),71.3
Mali,2006,Male,(blank),(blank),(blank),118.8
Mali,2006,Female,(blank),(blank),(blank),105.0
Mali,2006,(blank),(blank),(blank),Q1 (Poorest),123.9
Mali,2006,(blank),(blank),(blank),Q2,120.5
Mali,2006,(blank),(blank),(blank),Q3,114.4
Mali,2006,(blank),(blank),(blank),Q4,113.8
Mali,2006,(blank),(blank),(blank),Q5 (Richest),80.1
Mali,2001,Male,(blank),(blank),(blank),136.6
Mali,2001,Female,(blank),(blank),(blank),116.2
Mali,2001,(blank),None,(blank),(blank),130.4
Mali,2001,(blank),Primary,(blank),(blank),122.8
Mali,2001,(blank),Secondary or higher,(blank),(blank),51.1
Mali,2001,(blank),(blank),Urban,(blank),106.1
Mali,2001,(blank),(blank),Rural,(blank),132.4
Mali,2001,(blank),(blank),(blank),Q1 (Poorest),137.7
Mali,2001,(blank),(blank),(blank),Q2,125.9
Mali,2001,(blank),(blank),(blank),Q3,141.2
Mali,2001,(blank),(blank),(blank),Q4,128.6
Mali,2001,(blank),(blank),(blank),Q5 (Richest),89.9
Mali,1995,(blank),(blank),Urban,(blank),98.6
Mali,1995,(blank),(blank),Rural,(blank),145.1
Mali,1995,(blank),(blank),(blank),Q1 (Poorest),151.9
Mali,1995,(blank),(blank),(blank),Q2,146.9
Mali,1995,(blank),(blank),(blank),Q3,138.9
Mali,1995,(blank),(blank),(blank),Q4,128.7
Mali,1995,(blank),(blank),(blank),Q5 (Richest),93.2
Mali,1995,(blank),None,(blank),(blank),139.6
Mali,1995,(blank),Primary,(blank),(blank),112.1
Mali,1995,(blank),Secondary or higher,(blank),(blank),60.1
Mali,1995,Male,(blank),(blank),(blank),140.4
Mali,1995,Female,(blank),(blank),(blank),126.6
Morocco,2003,(blank),None,(blank),(blank),51.8
Morocco,2003,(blank),Primary,(blank),(blank),32.5
Morocco,2003,(blank),Secondary or higher,(blank),(blank),23.0
Morocco,2003,(blank),(blank),(blank),Q1 (Poorest),62.2
Morocco,2003,(blank),(blank),(blank),Q2,53.1
Morocco,2003,(blank),(blank),(blank),Q3,36.4
Morocco,2003,(blank),(blank),(blank),Q4,33.0
Morocco,2003,(blank),(blank),(blank),Q5 (Richest),23.9
Morocco,2003,(blank),(blank),Urban,(blank),32.8
Morocco,2003,(blank),(blank),Rural,(blank),55.1
Morocco,2003,Male,(blank),(blank),(blank),51.0
Morocco,2003,Female,(blank),(blank),(blank),36.7
Mozambique,2003,Male,(blank),(blank),(blank),127.7
Mozambique,2003,Female,(blank),(blank),(blank),119.5
Mozambique,2003,(blank),(blank),Urban,(blank),95.1
Mozambique,2003,(blank),(blank),Rural,(blank),134.8
Mozambique,2003,(blank),(blank),(blank),Q1 (Poorest),142.9
Mozambique,2003,(blank),(blank),(blank),Q2,147.7
Mozambique,2003,(blank),(blank),(blank),Q3,127.0
Mozambique,2003,(blank),(blank),(blank),Q4,106.3
Mozambique,2003,(blank),(blank),(blank),Q5 (Richest),71.2
Mozambique,2003,(blank),None,(blank),(blank),142.1
Mozambique,2003,(blank),Primary,(blank),(blank),109.6
Mozambique,2003,(blank),Secondary or higher,(blank),(blank),63.8
Mozambique,1997,Male,(blank),(blank),(blank),152.2
Mozambique,1997,Female,(blank),(blank),(blank),141.9
Mozambique,1997,(blank),(blank),(blank),Q1 (Poorest),186.5
Mozambique,1997,(blank),(blank),(blank),Q2,136.9
Mozambique,1997,(blank),(blank),(blank),Q3,143.6
Mozambique,1997,(blank),(blank),(blank),Q4,134.2
Mozambique,1997,(blank),(blank),(blank),Q5 (Richest),94.8
Mozambique,1997,(blank),(blank),Urban,(blank),100.5
Mozambique,1997,(blank),(blank),Rural,(blank),159.2
Mozambique,1997,(blank),None,(blank),(blank),154.6
Mozambique,1997,(blank),Primary,(blank),(blank),144.1
Mozambique,1997,(blank),Secondary or higher,(blank),(blank),73.0
Namibia,2006,(blank),(blank),(blank),Q1 (Poorest),59.3
Namibia,2006,(blank),(blank),(blank),Q2,53.8
Namibia,2006,(blank),(blank),(blank),Q3,45.0
Namibia,2006,(blank),(blank),(blank),Q4,55.4
Namibia,2006,(blank),(blank),(blank),Q5 (Richest),23.6
Namibia,2006,Male,(blank),(blank),(blank),56.8
Namibia,2006,Female,(blank),(blank),(blank),40.2
Namibia,2006,(blank),None,(blank),(blank),56.2
Namibia,2006,(blank),Primary,(blank),(blank),59.9
Namibia,2006,(blank),Secondary or higher,(blank),(blank),40.4
Namibia,2006,(blank),(blank),Urban,(blank),43.7
Namibia,2006,(blank),(blank),Rural,(blank),52.2
Namibia,2000,(blank),(blank),Urban,(blank),30.0
Namibia,2000,(blank),(blank),Rural,(blank),45.3
Namibia,2000,(blank),None,(blank),(blank),51.6
Namibia,2000,(blank),Primary,(blank),(blank),45.7
Namibia,2000,(blank),Secondary or higher,(blank),(blank),31.2
Namibia,2000,(blank),(blank),(blank),Q1 (Poorest),42.6
Namibia,2000,(blank),(blank),(blank),Q2,53.6
Namibia,2000,(blank),(blank),(blank),Q3,45.2
Namibia,2000,(blank),(blank),(blank),Q4,35.0
Namibia,2000,(blank),(blank),(blank),Q5 (Richest),22.8
Namibia,2000,Male,(blank),(blank),(blank),45.6
Namibia,2000,Female,(blank),(blank),(blank),34.2
Nepal,2011,(blank),None,(blank),(blank),62.0
Nepal,2011,(blank),Primary,(blank),(blank),52.5
Nepal,2011,(blank),Secondary or higher,(blank),(blank),36.3
Nepal,2011,(blank),(blank),(blank),Q1 (Poorest),60.5
Nepal,2011,(blank),(blank),(blank),Q2,55.8
Nepal,2011,(blank),(blank),(blank),Q3,55.5
Nepal,2011,(blank),(blank),(blank),Q4,53.6
Nepal,2011,(blank),(blank),(blank),Q5 (Richest),32.2
Nepal,2011,(blank),(blank),Urban,(blank),38.5
Nepal,2011,(blank),(blank),Rural,(blank),54.9
Nepal,2011,Male,(blank),(blank),(blank),54.0
Nepal,2011,Female,(blank),(blank),(blank),52.4
Nepal,2006,(blank),(blank),Urban,(blank),37.2
Nepal,2006,(blank),(blank),Rural,(blank),63.6
Nepal,2006,(blank),None,(blank),(blank),69.2
Nepal,2006,(blank),Primary,(blank),(blank),58.2
Nepal,2006,(blank),Secondary or higher,(blank),(blank),28.4
Nepal,2006,Male,(blank),(blank),(blank),60.1
Nepal,2006,Female,(blank),(blank),(blank),60.6
Nepal,2006,(blank),(blank),(blank),Q1 (Poorest),71.8
Nepal,2006,(blank),(blank),(blank),Q2,61.7
Nepal,2006,(blank),(blank),(blank),Q3,69.5
Nepal,2006,(blank),(blank),(blank),Q4,50.0
Nepal,2006,(blank),(blank),(blank),Q5 (Richest),40.0
Nepal,2001,Male,(blank),(blank),(blank),79.4
Nepal,2001,Female,(blank),(blank),(blank),75.0
Nepal,2001,(blank),(blank),(blank),Q1 (Poorest),85.5
Nepal,2001,(blank),(blank),(blank),Q2,88.0
Nepal,2001,(blank),(blank),(blank),Q3,76.1
Nepal,2001,(blank),(blank),(blank),Q4,72.8
Nepal,2001,(blank),(blank),(blank),Q5 (Richest),53.2
Nepal,2001,(blank),(blank),Urban,(blank),50.3
Nepal,2001,(blank),(blank),Rural,(blank),79.3
Nepal,2001,(blank),None,(blank),(blank),84.6
Nepal,2001,(blank),Primary,(blank),(blank),60.9
Nepal,2001,(blank),Secondary or higher,(blank),(blank),39.1
Nepal,1996,(blank),None,(blank),(blank),97.0
Nepal,1996,(blank),Primary,(blank),(blank),79.2
Nepal,1996,(blank),Secondary or higher,(blank),(blank),53.6
Nepal,1996,Male,(blank),(blank),(blank),101.6
Nepal,1996,Female,(blank),(blank),(blank),82.9
Nepal,1996,(blank),(blank),Urban,(blank),60.6
Nepal,1996,(blank),(blank),Rural,(blank),94.7
Nepal,1996,(blank),(blank),(blank),Q1 (Poorest),95.8
Nepal,1996,(blank),(blank),(blank),Q2,106.6
Nepal,1996,(blank),(blank),(blank),Q3,103.2
Nepal,1996,(blank),(blank),(blank),Q4,83.4
Nepal,1996,(blank),(blank),(blank),Q5 (Richest),63.8
Nicaragua,2001,(blank),None,(blank),(blank),54.6
Nicaragua,2001,(blank),Primary,(blank),(blank),34.5
Nicaragua,2001,(blank),Secondary or higher,(blank),(blank),21.1
Nicaragua,2001,(blank),(blank),Urban,(blank),27.5
Nicaragua,2001,(blank),(blank),Rural,(blank),43.1
Nicaragua,2001,(blank),(blank),(blank),Q1 (Poorest),50.0
Nicaragua,2001,(blank),(blank),(blank),Q2,40.7
Nicaragua,2001,(blank),(blank),(blank),Q3,32.2
Nicaragua,2001,(blank),(blank),(blank),Q4,25.3
Nicaragua,2001,(blank),(blank),(blank),Q5 (Richest),15.8
Nicaragua,2001,Male,(blank),(blank),(blank),38.9
Nicaragua,2001,Female,(blank),(blank),(blank),31.5
Nicaragua,1997,Male,(blank),(blank),(blank),50.0
Nicaragua,1997,Female,(blank),(blank),(blank),39.7
Nicaragua,1997,(blank),(blank),(blank),Q1 (Poorest),50.3
Nicaragua,1997,(blank),(blank),(blank),Q2,53.4
Nicaragua,1997,(blank),(blank),(blank),Q3,45.2
Nicaragua,1997,(blank),(blank),(blank),Q4,40.2
Nicaragua,1997,(blank),(blank),(blank),Q5 (Richest),25.4
Nicaragua,1997,(blank),None,(blank),(blank),62.1
Nicaragua,1997,(blank),Primary,(blank),(blank),44.7
Nicaragua,1997,(blank),Secondary or higher,(blank),(blank),31.0
Nicaragua,1997,(blank),(blank),Urban,(blank),39.7
Nicaragua,1997,(blank),(blank),Rural,(blank),50.6
Niger,2006,(blank),(blank),(blank),Q1 (Poorest),89.7
Niger,2006,(blank),(blank),(blank),Q2,103.2
Niger,2006,(blank),(blank),(blank),Q3,105.9
Niger,2006,(blank),(blank),(blank),Q4,100.5
Niger,2006,(blank),(blank),(blank),Q5 (Richest),66.4
Niger,2006,Male,(blank),(blank),(blank),96.6
Niger,2006,Female,(blank),(blank),(blank),90.9
Niger,2006,(blank),None,(blank),(blank),95.6
Niger,2006,(blank),Primary,(blank),(blank),90.9
Niger,2006,(blank),Secondary or higher,(blank),(blank),47.2
Niger,2006,(blank),(blank),Urban,(blank),61.0
Niger,2006,(blank),(blank),Rural,(blank),99.3
Niger,1998,Male,(blank),(blank),(blank),140.8
Niger,1998,Female,(blank),(blank),(blank),130.6
Niger,1998,(blank),(blank),Urban,(blank),79.3
Niger,1998,(blank),(blank),Rural,(blank),146.8
Niger,1998,(blank),(blank),(blank),Q1 (Poorest),131.3
Niger,1998,(blank),(blank),(blank),Q2,152.8
Niger,1998,(blank),(blank),(blank),Q3,157.6
Niger,1998,(blank),(blank),(blank),Q4,141.1
Niger,1998,(blank),(blank),(blank),Q5 (Richest),85.0
Niger,1998,(blank),None,(blank),(blank),140.8
Niger,1998,(blank),Primary,(blank),(blank),100.4
Niger,1998,(blank),Secondary or higher,(blank),(blank),69.8
Nigeria,2008,(blank),(blank),(blank),Q1 (Poorest),99.8
Nigeria,2008,(blank),(blank),(blank),Q2,103.5
Nigeria,2008,(blank),(blank),(blank),Q3,85.8
Nigeria,2008,(blank),(blank),(blank),Q4,73.8
Nigeria,2008,(blank),(blank),(blank),Q5 (Richest),58.2
Nigeria,2008,(blank),(blank),Urban,(blank),67.5
Nigeria,2008,(blank),(blank),Rural,(blank),94.8
Nigeria,2008,(blank),None,(blank),(blank),97.4
Nigeria,2008,(blank),Primary,(blank),(blank),88.6
Nigeria,2008,(blank),Secondary or higher,(blank),(blank),66.3
Nigeria,2008,Male,(blank),(blank),(blank),93.0
Nigeria,2008,Female,(blank),(blank),(blank),80.6
Nigeria,2003,(blank),None,(blank),(blank),123.7
Nigeria,2003,(blank),Primary,(blank),(blank),111.5
Nigeria,2003,(blank),Secondary or higher,(blank),(blank),69.8
Nigeria,2003,(blank),(blank),(blank),Q1 (Poorest),132.0
Nigeria,2003,(blank),(blank),(blank),Q2,140.1
Nigeria,2003,(blank),(blank),(blank),Q3,110.3
Nigeria,2003,(blank),(blank),(blank),Q4,87.1
Nigeria,2003,(blank),(blank),(blank),Q5 (Richest),52.0
Nigeria,2003,(blank),(blank),Urban,(blank),80.9
Nigeria,2003,(blank),(blank),Rural,(blank),120.7
Nigeria,2003,Male,(blank),(blank),(blank),116.2
Nigeria,2003,Female,(blank),(blank),(blank),102.1
Nigeria,1999,(blank),(blank),Urban,(blank),58.6
Nigeria,1999,(blank),(blank),Rural,(blank),74.8
Nigeria,1999,Male,(blank),(blank),(blank),72.8
Nigeria,1999,Female,(blank),(blank),(blank),67.9
Nigeria,1999,(blank),None,(blank),(blank),76.7
Nigeria,1999,(blank),Primary,(blank),(blank),71.1
Nigeria,1999,(blank),Secondary or higher,(blank),(blank),54.7
Pakistan,2006,(blank),(blank),Urban,(blank),65.9
Pakistan,2006,(blank),(blank),Rural,(blank),81.5
Pakistan,2006,(blank),None,(blank),(blank),84.1
Pakistan,2006,(blank),Primary,(blank),(blank),65.9
Pakistan,2006,(blank),Secondary or higher,(blank),(blank),56.2
Pakistan,2006,Male,(blank),(blank),(blank),80.3
Pakistan,2006,Female,(blank),(blank),(blank),73.3
Pakistan,2006,(blank),(blank),(blank),Q1 (Poorest),93.6
Pakistan,2006,(blank),(blank),(blank),Q2,87.5
Pakistan,2006,(blank),(blank),(blank),Q3,74.2
Pakistan,2006,(blank),(blank),(blank),Q4,66.8
Pakistan,2006,(blank),(blank),(blank),Q5 (Richest),52.4
Peru,2004,(blank),None,(blank),(blank),31.1
Peru,2004,(blank),Primary,(blank),(blank),42.2
Peru,2004,(blank),Secondary or higher,(blank),(blank),25.6
Peru,2004,Male,(blank),(blank),(blank),38.1
Peru,2004,Female,(blank),(blank),(blank),25.8
Peru,2004,(blank),(blank),(blank),Q1 (Poorest),48.3
Peru,2004,(blank),(blank),(blank),Q2,37.6
Peru,2004,(blank),(blank),(blank),Q3,31.9
Peru,2004,(blank),(blank),(blank),Q4,23.3
Peru,2004,(blank),(blank),(blank),Q5 (Richest),4.0
Peru,2004,(blank),(blank),Urban,(blank),26.7
Peru,2004,(blank),(blank),Rural,(blank),39.1
Peru,2000,(blank),(blank),Urban,(blank),28.4
Peru,2000,(blank),(blank),Rural,(blank),59.4
Peru,2000,(blank),None,(blank),(blank),72.5
Peru,2000,(blank),Primary,(blank),(blank),52.9
Peru,2000,(blank),Secondary or higher,(blank),(blank),27.2
Peru,2000,Male,(blank),(blank),(blank),45.7
Peru,2000,Female,(blank),(blank),(blank),39.6
Peru,2000,(blank),(blank),(blank),Q1 (Poorest),62.6
Peru,2000,(blank),(blank),(blank),Q2,53.1
Peru,2000,(blank),(blank),(blank),Q3,32.5
Peru,2000,(blank),(blank),(blank),Q4,26.8
Peru,2000,(blank),(blank),(blank),Q5 (Richest),13.6
Peru,1996,(blank),None,(blank),(blank),78.4
Peru,1996,(blank),Primary,(blank),(blank),61.7
Peru,1996,(blank),Secondary or higher,(blank),(blank),30.7
Peru,1996,(blank),(blank),(blank),Q1 (Poorest),78.2
Peru,1996,(blank),(blank),(blank),Q2,53.6
Peru,1996,(blank),(blank),(blank),Q3,34.0
Peru,1996,(blank),(blank),(blank),Q4,36.2
Peru,1996,(blank),(blank),(blank),Q5 (Richest),19.6
Peru,1996,(blank),(blank),Urban,(blank),34.9
Peru,1996,(blank),(blank),Rural,(blank),70.9
Peru,1996,Male,(blank),(blank),(blank),56.0
Peru,1996,Female,(blank),(blank),(blank),43.5
Philippines,2008,Male,(blank),(blank),(blank),30.9
Philippines,2008,Female,(blank),(blank),(blank),24.8
Philippines,2008,(blank),None,(blank),(blank),88.8
Philippines,2008,(blank),Primary,(blank),(blank),32.7
Philippines,2008,(blank),Secondary or higher,(blank),(blank),24.3
Philippines,2008,(blank),(blank),Urban,(blank),20.1
Philippines,2008,(blank),(blank),Rural,(blank),35.4
Philippines,2008,(blank),(blank),(blank),Q1 (Poorest),40.3
Philippines,2008,(blank),(blank),(blank),Q2,29.4
Philippines,2008,(blank),(blank),(blank),Q3,23.9
Philippines,2008,(blank),(blank),(blank),Q4,22.8
Philippines,2008,(blank),(blank),(blank),Q5 (Richest),14.9
Philippines,2003,(blank),None,(blank),(blank),64.2
Philippines,2003,(blank),Primary,(blank),(blank),43.2
Philippines,2003,(blank),Secondary or higher,(blank),(blank),22.2
Philippines,2003,Male,(blank),(blank),(blank),34.6
Philippines,2003,Female,(blank),(blank),(blank),25.0
Philippines,2003,(blank),(blank),Urban,(blank),23.8
Philippines,2003,(blank),(blank),Rural,(blank),35.9
Philippines,2003,(blank),(blank),(blank),Q1 (Poorest),41.7
Philippines,2003,(blank),(blank),(blank),Q2,32.3
Philippines,2003,(blank),(blank),(blank),Q3,26.0
Philippines,2003,(blank),(blank),(blank),Q4,22.1
Philippines,2003,(blank),(blank),(blank),Q5 (Richest),19.6
Philippines,1998,(blank),None,(blank),(blank),77.2
Philippines,1998,(blank),Primary,(blank),(blank),45.0
Philippines,1998,(blank),Secondary or higher,(blank),(blank),28.2
Philippines,1998,(blank),(blank),(blank),Q1 (Poorest),48.5
Philippines,1998,(blank),(blank),(blank),Q2,39.3
Philippines,1998,(blank),(blank),(blank),Q3,33.7
Philippines,1998,(blank),(blank),(blank),Q4,24.3
Philippines,1998,(blank),(blank),(blank),Q5 (Richest),20.8
Philippines,1998,(blank),(blank),Urban,(blank),30.8
Philippines,1998,(blank),(blank),Rural,(blank),39.9
Philippines,1998,Male,(blank),(blank),(blank),39.0
Philippines,1998,Female,(blank),(blank),(blank),32.3
Philippines,1993,(blank),(blank),Urban,(blank),31.7
Philippines,1993,(blank),(blank),Rural,(blank),43.9
Philippines,1993,Male,(blank),(blank),(blank),43.1
Philippines,1993,Female,(blank),(blank),(blank),32.7
Philippines,1993,(blank),None,(blank),(blank),77.8
Philippines,1993,(blank),Primary,(blank),(blank),46.0
Philippines,1993,(blank),Secondary or higher,(blank),(blank),28.8
Republic of Moldova,2005,Male,(blank),(blank),(blank),25.4
Republic of Moldova,2005,Female,(blank),(blank),(blank),16.6
Republic of Moldova,2005,(blank),Secondary or higher,(blank),(blank),21.4
Republic of Moldova,2005,(blank),(blank),(blank),Q1 (Poorest),20.5
Republic of Moldova,2005,(blank),(blank),(blank),Q2,20.0
Republic of Moldova,2005,(blank),(blank),(blank),Q3,28.8
Republic of Moldova,2005,(blank),(blank),(blank),Q4,19.2
Republic of Moldova,2005,(blank),(blank),(blank),Q5 (Richest),16.3
Republic of Moldova,2005,(blank),(blank),Urban,(blank),17.4
Republic of Moldova,2005,(blank),(blank),Rural,(blank),23.3
Rwanda,2010,Male,(blank),(blank),(blank),66.2
Rwanda,2010,Female,(blank),(blank),(blank),54.9
Rwanda,2010,(blank),(blank),(blank),Q1 (Poorest),68.3
Rwanda,2010,(blank),(blank),(blank),Q2,56.8
Rwanda,2010,(blank),(blank),(blank),Q3,60.6
Rwanda,2010,(blank),(blank),(blank),Q4,65.2
Rwanda,2010,(blank),(blank),(blank),Q5 (Richest),50.3
Rwanda,2010,(blank),(blank),Urban,(blank),55.4
Rwanda,2010,(blank),(blank),Rural,(blank),61.4
Rwanda,2010,(blank),None,(blank),(blank),74.6
Rwanda,2010,(blank),Primary,(blank),(blank),58.1
Rwanda,2010,(blank),Secondary or higher,(blank),(blank),46.1
Rwanda,2005,(blank),(blank),Urban,(blank),68.8
Rwanda,2005,(blank),(blank),Rural,(blank),107.9
Rwanda,2005,(blank),(blank),(blank),Q1 (Poorest),113.9
Rwanda,2005,(blank),(blank),(blank),Q2,110.4
Rwanda,2005,(blank),(blank),(blank),Q3,89.8
Rwanda,2005,(blank),(blank),(blank),Q4,121.0
Rwanda,2005,(blank),(blank),(blank),Q5 (Richest),73.0
Rwanda,2005,(blank),None,(blank),(blank),117.1
Rwanda,2005,(blank),Primary,(blank),(blank),100.3
Rwanda,2005,(blank),Secondary or higher,(blank),(blank),63.8
Rwanda,2005,Male,(blank),(blank),(blank),106.2
Rwanda,2005,Female,(blank),(blank),(blank),98.6
Rwanda,2000,(blank),None,(blank),(blank),134.8
Rwanda,2000,(blank),Primary,(blank),(blank),114.4
Rwanda,2000,(blank),Secondary or higher,(blank),(blank),59.2
Rwanda,2000,(blank),(blank),Urban,(blank),78.0
Rwanda,2000,(blank),(blank),Rural,(blank),123.7
Rwanda,2000,(blank),(blank),(blank),Q1 (Poorest),139.4
Rwanda,2000,(blank),(blank),(blank),Q2,119.6
Rwanda,2000,(blank),(blank),(blank),Q3,123.4
Rwanda,2000,(blank),(blank),(blank),Q4,119.6
Rwanda,2000,(blank),(blank),(blank),Q5 (Richest),88.2
Rwanda,2000,Male,(blank),(blank),(blank),123.4
Rwanda,2000,Female,(blank),(blank),(blank),111.7
Sao Tome and Principe,2008,(blank),(blank),(blank),Q1 (Poorest),51.4
Sao Tome and Principe,2008,(blank),(blank),(blank),Q2,47.7
Sao Tome and Principe,2008,(blank),(blank),(blank),Q3,39.5
Sao Tome and Principe,2008,(blank),(blank),(blank),Q4,57.9
Sao Tome and Principe,2008,(blank),(blank),(blank),Q5 (Richest),26.6
Sao Tome and Principe,2008,(blank),(blank),Urban,(blank),41.5
Sao Tome and Principe,2008,(blank),(blank),Rural,(blank),49.2
Sao Tome and Principe,2008,(blank),Primary,(blank),(blank),43.8
Sao Tome and Principe,2008,(blank),Secondary or higher,(blank),(blank),31.7
Sao Tome and Principe,2008,Male,(blank),(blank),(blank),56.6
Sao Tome and Principe,2008,Female,(blank),(blank),(blank),33.8
Senegal,2010,(blank),None,(blank),(blank),55.9
Senegal,2010,(blank),Primary,(blank),(blank),47.9
Senegal,2010,(blank),Secondary or higher,(blank),(blank),31.4
Senegal,2010,(blank),(blank),Urban,(blank),43.2
Senegal,2010,(blank),(blank),Rural,(blank),58.3
Senegal,2010,(blank),(blank),(blank),Q1 (Poorest),64.4
Senegal,2010,(blank),(blank),(blank),Q2,52.6
Senegal,2010,(blank),(blank),(blank),Q3,51.2
Senegal,2010,(blank),(blank),(blank),Q4,49.0
Senegal,2010,(blank),(blank),(blank),Q5 (Richest),40.4
Senegal,2010,Male,(blank),(blank),(blank),59.5
Senegal,2010,Female,(blank),(blank),(blank),45.5
Senegal,2005,Male,(blank),(blank),(blank),78.7
Senegal,2005,Female,(blank),(blank),(blank),62.8
Senegal,2005,(blank),None,(blank),(blank),79.4
Senegal,2005,(blank),Primary,(blank),(blank),52.3
Senegal,2005,(blank),Secondary or higher,(blank),(blank),29.6
Senegal,2005,(blank),(blank),(blank),Q1 (Poorest),88.9
Senegal,2005,(blank),(blank),(blank),Q2,85.2
Senegal,2005,(blank),(blank),(blank),Q3,72.6
Senegal,2005,(blank),(blank),(blank),Q4,52.5
Senegal,2005,(blank),(blank),(blank),Q5 (Richest),40.5
Senegal,2005,(blank),(blank),Urban,(blank),51.7
Senegal,2005,(blank),(blank),Rural,(blank),81.7
Senegal,1997,(blank),(blank),Urban,(blank),50.3
Senegal,1997,(blank),(blank),Rural,(blank),79.2
Senegal,1997,(blank),None,(blank),(blank),76.2
Senegal,1997,(blank),Primary,(blank),(blank),52.5
Senegal,1997,(blank),Secondary or higher,(blank),(blank),28.4
Senegal,1997,Male,(blank),(blank),(blank),73.6
Senegal,1997,Female,(blank),(blank),(blank),65.3
Senegal,1997,(blank),(blank),(blank),Q1 (Poorest),84.8
Senegal,1997,(blank),(blank),(blank),Q2,81.8
Senegal,1997,(blank),(blank),(blank),Q3,69.6
Senegal,1997,(blank),(blank),(blank),Q4,58.8
Senegal,1997,(blank),(blank),(blank),Q5 (Richest),45.1
Sierra Leone,2008,Male,(blank),(blank),(blank),117.7
Sierra Leone,2008,Female,(blank),(blank),(blank),105.4
Sierra Leone,2008,(blank),None,(blank),(blank),114.4
Sierra Leone,2008,(blank),Primary,(blank),(blank),114.6
Sierra Leone,2008,(blank),Secondary or higher,(blank),(blank),85.5
Sierra Leone,2008,(blank),(blank),Urban,(blank),105.6
Sierra Leone,2008,(blank),(blank),Rural,(blank),113.7
Sierra Leone,2008,(blank),(blank),(blank),Q1 (Poorest),148.5
Sierra Leone,2008,(blank),(blank),(blank),Q2,101.3
Sierra Leone,2008,(blank),(blank),(blank),Q3,106.4
Sierra Leone,2008,(blank),(blank),(blank),Q4,99.9
Sierra Leone,2008,(blank),(blank),(blank),Q5 (Richest),92.2
South Africa,1998,Male,(blank),(blank),(blank),49.1
South Africa,1998,Female,(blank),(blank),(blank),34.9
South Africa,1998,(blank),(blank),Urban,(blank),32.3
South Africa,1998,(blank),(blank),Rural,(blank),52.0
South Africa,1998,(blank),(blank),(blank),Q1 (Poorest),61.4
South Africa,1998,(blank),(blank),(blank),Q2,51.2
South Africa,1998,(blank),(blank),(blank),Q3,35.7
South Africa,1998,(blank),(blank),(blank),Q4,34.2
South Africa,1998,(blank),(blank),(blank),Q5 (Richest),16.7
South Africa,1998,(blank),None,(blank),(blank),59.6
South Africa,1998,(blank),Primary,(blank),(blank),47.0
South Africa,1998,(blank),Secondary or higher,(blank),(blank),36.0
Swaziland,2006,Male,(blank),(blank),(blank),80.9
Swaziland,2006,Female,(blank),(blank),(blank),73.3
Swaziland,2006,(blank),(blank),(blank),Q1 (Poorest),85.5
Swaziland,2006,(blank),(blank),(blank),Q2,70.9
Swaziland,2006,(blank),(blank),(blank),Q3,65.5
Swaziland,2006,(blank),(blank),(blank),Q4,79.9
Swaziland,2006,(blank),(blank),(blank),Q5 (Richest),84.5
Swaziland,2006,(blank),None,(blank),(blank),95.5
Swaziland,2006,(blank),Primary,(blank),(blank),74.2
Swaziland,2006,(blank),Secondary or higher,(blank),(blank),75.2
Swaziland,2006,(blank),(blank),Urban,(blank),74.3
Swaziland,2006,(blank),(blank),Rural,(blank),78.0
Timor-Leste,2009,(blank),None,(blank),(blank),59.9
Timor-Leste,2009,(blank),Primary,(blank),(blank),58.8
Timor-Leste,2009,(blank),Secondary or higher,(blank),(blank),49.3
Timor-Leste,2009,(blank),(blank),Urban,(blank),41.1
Timor-Leste,2009,(blank),(blank),Rural,(blank),60.6
Timor-Leste,2009,Male,(blank),(blank),(blank),58.6
Timor-Leste,2009,Female,(blank),(blank),(blank),53.0
Timor-Leste,2009,(blank),(blank),(blank),Q1 (Poorest),61.7
Timor-Leste,2009,(blank),(blank),(blank),Q2,67.1
Timor-Leste,2009,(blank),(blank),(blank),Q3,58.6
Timor-Leste,2009,(blank),(blank),(blank),Q4,55.2
Timor-Leste,2009,(blank),(blank),(blank),Q5 (Richest),37.3
Togo,1998,(blank),None,(blank),(blank),87.2
Togo,1998,(blank),Primary,(blank),(blank),71.5
Togo,1998,(blank),Secondary or higher,(blank),(blank),53.7
Togo,1998,(blank),(blank),(blank),Q1 (Poorest),83.6
Togo,1998,(blank),(blank),(blank),Q2,81.9
Togo,1998,(blank),(blank),(blank),Q3,88.7
Togo,1998,(blank),(blank),(blank),Q4,74.0
Togo,1998,(blank),(blank),(blank),Q5 (Richest),65.4
Togo,1998,(blank),(blank),Urban,(blank),64.9
Togo,1998,(blank),(blank),Rural,(blank),84.7
Togo,1998,Male,(blank),(blank),(blank),88.6
Togo,1998,Female,(blank),(blank),(blank),71.2
Turkey,2003,(blank),(blank),(blank),Q1 (Poorest),62.2
Turkey,2003,(blank),(blank),(blank),Q2,43.6
Turkey,2003,(blank),(blank),(blank),Q3,30.9
Turkey,2003,(blank),(blank),(blank),Q4,24.9
Turkey,2003,(blank),(blank),(blank),Q5 (Richest),17.0
Turkey,2003,(blank),(blank),Urban,(blank),30.5
Turkey,2003,(blank),(blank),Rural,(blank),52.0
Turkey,2003,Male,(blank),(blank),(blank),39.6
Turkey,2003,Female,(blank),(blank),(blank),35.9
Turkey,2003,(blank),None,(blank),(blank),63.2
Turkey,2003,(blank),Primary,(blank),(blank),34.4
Turkey,2003,(blank),Secondary or higher,(blank),(blank),19.6
Turkey,1998,Male,(blank),(blank),(blank),51.1
Turkey,1998,Female,(blank),(blank),(blank),45.7
Turkey,1998,(blank),(blank),Urban,(blank),42.5
Turkey,1998,(blank),(blank),Rural,(blank),58.4
Turkey,1998,(blank),(blank),(blank),Q1 (Poorest),68.0
Turkey,1998,(blank),(blank),(blank),Q2,54.9
Turkey,1998,(blank),(blank),(blank),Q3,42.5
Turkey,1998,(blank),(blank),(blank),Q4,37.6
Turkey,1998,(blank),(blank),(blank),Q5 (Richest),30.0
Turkey,1998,(blank),None,(blank),(blank),66.1
Turkey,1998,(blank),Primary,(blank),(blank),46.5
Turkey,1998,(blank),Secondary or higher,(blank),(blank),28.1
Turkey,1993,(blank),None,(blank),(blank),91.8
Turkey,1993,(blank),Primary,(blank),(blank),63.4
Turkey,1993,(blank),Secondary or higher,(blank),(blank),25.6
Turkey,1993,Male,(blank),(blank),(blank),70.3
Turkey,1993,Female,(blank),(blank),(blank),65.9
Turkey,1993,(blank),(blank),Urban,(blank),57.9
Turkey,1993,(blank),(blank),Rural,(blank),82.6
Turkey,1993,(blank),(blank),(blank),Q1 (Poorest),100.2
Turkey,1993,(blank),(blank),(blank),Q2,72.2
Turkey,1993,(blank),(blank),(blank),Q3,71.8
Turkey,1993,(blank),(blank),(blank),Q4,54.1
Turkey,1993,(blank),(blank),(blank),Q5 (Richest),25.6
Uganda,2006,(blank),(blank),Urban,(blank),67.9
Uganda,2006,(blank),(blank),Rural,(blank),85.4
Uganda,2006,(blank),None,(blank),(blank),100.2
Uganda,2006,(blank),Primary,(blank),(blank),81.6
Uganda,2006,(blank),Secondary or higher,(blank),(blank),57.0
Uganda,2006,(blank),(blank),(blank),Q1 (Poorest),98.3
Uganda,2006,(blank),(blank),(blank),Q2,89.1
Uganda,2006,(blank),(blank),(blank),Q3,84.8
Uganda,2006,(blank),(blank),(blank),Q4,76.4
Uganda,2006,(blank),(blank),(blank),Q5 (Richest),62.1
Uganda,2006,Male,(blank),(blank),(blank),94.2
Uganda,2006,Female,(blank),(blank),(blank),72.6
Uganda,2000,(blank),(blank),Urban,(blank),54.3
Uganda,2000,(blank),(blank),Rural,(blank),93.5
Uganda,2000,(blank),None,(blank),(blank),106.4
Uganda,2000,(blank),Primary,(blank),(blank),88.2
Uganda,2000,(blank),Secondary or higher,(blank),(blank),52.7
Uganda,2000,Male,(blank),(blank),(blank),93.3
Uganda,2000,Female,(blank),(blank),(blank),85.0
Uganda,1995,(blank),(blank),Urban,(blank),74.4
Uganda,1995,(blank),(blank),Rural,(blank),87.8
Uganda,1995,Male,(blank),(blank),(blank),87.6
Uganda,1995,Female,(blank),(blank),(blank),85.0
Uganda,1995,(blank),None,(blank),(blank),93.8
Uganda,1995,(blank),Primary,(blank),(blank),88.3
Uganda,1995,(blank),Secondary or higher,(blank),(blank),47.7
Uganda,1995,(blank),(blank),(blank),Q1 (Poorest),109.3
Uganda,1995,(blank),(blank),(blank),Q2,78.8
Uganda,1995,(blank),(blank),(blank),Q3,90.9
Uganda,1995,(blank),(blank),(blank),Q4,85.3
Uganda,1995,(blank),(blank),(blank),Q5 (Richest),63.0
Ukraine,2007,Male,(blank),(blank),(blank),20.0
Ukraine,2007,Female,(blank),(blank),(blank),12.2
Ukraine,2007,(blank),(blank),Urban,(blank),16.8
Ukraine,2007,(blank),(blank),Rural,(blank),15.7
Ukraine,2007,(blank),Secondary or higher,(blank),(blank),16.4
Ukraine,2007,(blank),(blank),(blank),Q1 (Poorest),18.7
Ukraine,2007,(blank),(blank),(blank),Q2,14.7
Ukraine,2007,(blank),(blank),(blank),Q3,19.5
Ukraine,2007,(blank),(blank),(blank),Q4,23.5
Ukraine,2007,(blank),(blank),(blank),Q5 (Richest),8.6
United Republic of Tanzania,2010,Male,(blank),(blank),(blank),61.6
United Republic of Tanzania,2010,Female,(blank),(blank),(blank),57.9
United Republic of Tanzania,2010,(blank),(blank),(blank),Q1 (Poorest),61.1
United Republic of Tanzania,2010,(blank),(blank),(blank),Q2,58.7
United Republic of Tanzania,2010,(blank),(blank),(blank),Q3,57.9
United Republic of Tanzania,2010,(blank),(blank),(blank),Q4,59.8
United Republic of Tanzania,2010,(blank),(blank),(blank),Q5 (Richest),62.2
United Republic of Tanzania,2010,(blank),(blank),Urban,(blank),62.5
United Republic of Tanzania,2010,(blank),(blank),Rural,(blank),59.1
United Republic of Tanzania,2010,(blank),None,(blank),(blank),63.0
United Republic of Tanzania,2010,(blank),Primary,(blank),(blank),59.2
United Republic of Tanzania,2010,(blank),Secondary or higher,(blank),(blank),51.9
United Republic of Tanzania,2004,(blank),(blank),Urban,(blank),73.1
United Republic of Tanzania,2004,(blank),(blank),Rural,(blank),84.8
United Republic of Tanzania,2004,(blank),None,(blank),(blank),100.9
United Republic of Tanzania,2004,(blank),Primary,(blank),(blank),76.8
United Republic of Tanzania,2004,(blank),Secondary or higher,(blank),(blank),55.9
United Republic of Tanzania,2004,Male,(blank),(blank),(blank),83.0
United Republic of Tanzania,2004,Female,(blank),(blank),(blank),82.1
United Republic of Tanzania,2004,(blank),(blank),(blank),Q1 (Poorest),87.1
United Republic of Tanzania,2004,(blank),(blank),(blank),Q2,97.5
United Republic of Tanzania,2004,(blank),(blank),(blank),Q3,87.8
United Republic of Tanzania,2004,(blank),(blank),(blank),Q4,69.9
United Republic of Tanzania,2004,(blank),(blank),(blank),Q5 (Richest),64.9
United Republic of Tanzania,1999,(blank),(blank),Urban,(blank),87.8
United Republic of Tanzania,1999,(blank),(blank),Rural,(blank),113.2
United Republic of Tanzania,1999,Male,(blank),(blank),(blank),118.8
United Republic of Tanzania,1999,Female,(blank),(blank),(blank),97.0
United Republic of Tanzania,1999,(blank),(blank),(blank),Q1 (Poorest),114.7
United Republic of Tanzania,1999,(blank),(blank),(blank),Q2,107.9
United Republic of Tanzania,1999,(blank),(blank),(blank),Q3,115.7
United Republic of Tanzania,1999,(blank),(blank),(blank),Q4,107.0
United Republic of Tanzania,1999,(blank),(blank),(blank),Q5 (Richest),92.6
United Republic of Tanzania,1999,(blank),None,(blank),(blank),117.3
United Republic of Tanzania,1999,(blank),Primary,(blank),(blank),106.4
United Republic of Tanzania,1996,(blank),None,(blank),(blank),106.1
United Republic of Tanzania,1996,(blank),Primary,(blank),(blank),89.4
United Republic of Tanzania,1996,(blank),Secondary or higher,(blank),(blank),64.1
United Republic of Tanzania,1996,Male,(blank),(blank),(blank),101.2
United Republic of Tanzania,1996,Female,(blank),(blank),(blank),87.0
United Republic of Tanzania,1996,(blank),(blank),Urban,(blank),81.8
United Republic of Tanzania,1996,(blank),(blank),Rural,(blank),96.9
United Republic of Tanzania,1996,(blank),(blank),(blank),Q1 (Poorest),87.6
United Republic of Tanzania,1996,(blank),(blank),(blank),Q2,118.4
United Republic of Tanzania,1996,(blank),(blank),(blank),Q3,96.0
United Republic of Tanzania,1996,(blank),(blank),(blank),Q4,101.9
United Republic of Tanzania,1996,(blank),(blank),(blank),Q5 (Richest),64.6
Uzbekistan,1996,(blank),(blank),(blank),Q1 (Poorest),54.0
Uzbekistan,1996,(blank),(blank),(blank),Q2,40.2
Uzbekistan,1996,(blank),(blank),(blank),Q3,36.0
Uzbekistan,1996,(blank),(blank),(blank),Q4,39.4
Uzbekistan,1996,(blank),(blank),(blank),Q5 (Richest),45.2
Uzbekistan,1996,(blank),(blank),Urban,(blank),42.3
Uzbekistan,1996,(blank),(blank),Rural,(blank),44.0
Uzbekistan,1996,Male,(blank),(blank),(blank),50.0
Uzbekistan,1996,Female,(blank),(blank),(blank),36.8
Uzbekistan,1996,(blank),Secondary or higher,(blank),(blank),43.5
Viet Nam,2002,(blank),(blank),(blank),Q1 (Poorest),39.5
Viet Nam,2002,(blank),(blank),(blank),Q2,28.0
Viet Nam,2002,(blank),(blank),(blank),Q3,19.2
Viet Nam,2002,(blank),(blank),(blank),Q4,15.4
Viet Nam,2002,(blank),(blank),(blank),Q5 (Richest),13.9
Viet Nam,2002,(blank),(blank),Urban,(blank),12.2
Viet Nam,2002,(blank),(blank),Rural,(blank),27.0
Viet Nam,2002,Male,(blank),(blank),(blank),24.5
Viet Nam,2002,Female,(blank),(blank),(blank),25.3
Viet Nam,2002,(blank),None,(blank),(blank),58.9
Viet Nam,2002,(blank),Primary,(blank),(blank),19.5
Viet Nam,2002,(blank),Secondary or higher,(blank),(blank),22.0
Viet Nam,1997,Male,(blank),(blank),(blank),42.2
Viet Nam,1997,Female,(blank),(blank),(blank),26.8
Viet Nam,1997,(blank),(blank),(blank),Q1 (Poorest),43.0
Viet Nam,1997,(blank),(blank),(blank),Q2,43.2
Viet Nam,1997,(blank),(blank),(blank),Q3,35.5
Viet Nam,1997,(blank),(blank),(blank),Q4,27.1
Viet Nam,1997,(blank),(blank),(blank),Q5 (Richest),17.1
Viet Nam,1997,(blank),None,(blank),(blank),48.3
Viet Nam,1997,(blank),Primary,(blank),(blank),43.8
Viet Nam,1997,(blank),Secondary or higher,(blank),(blank),29.0
Viet Nam,1997,(blank),(blank),Urban,(blank),22.8
Viet Nam,1997,(blank),(blank),Rural,(blank),36.8
Zambia,2007,(blank),(blank),Urban,(blank),80.5
Zambia,2007,(blank),(blank),Rural,(blank),81.8
Zambia,2007,Male,(blank),(blank),(blank),90.6
Zambia,2007,Female,(blank),(blank),(blank),72.6
Zambia,2007,(blank),(blank),(blank),Q1 (Poorest),68.8
Zambia,2007,(blank),(blank),(blank),Q2,93.8
Zambia,2007,(blank),(blank),(blank),Q3,89.0
Zambia,2007,(blank),(blank),(blank),Q4,78.6
Zambia,2007,(blank),(blank),(blank),Q5 (Richest),74.9
Zambia,2007,(blank),None,(blank),(blank),85.7
Zambia,2007,(blank),Primary,(blank),(blank),84.0
Zambia,2007,(blank),Secondary or higher,(blank),(blank),70.9
Zambia,2001,(blank),(blank),(blank),Q1 (Poorest),114.8
Zambia,2001,(blank),(blank),(blank),Q2,93.3
Zambia,2001,(blank),(blank),(blank),Q3,113.3
Zambia,2001,(blank),(blank),(blank),Q4,80.6
Zambia,2001,(blank),(blank),(blank),Q5 (Richest),56.2
Zambia,2001,(blank),(blank),Urban,(blank),75.8
Zambia,2001,(blank),(blank),Rural,(blank),102.6
Zambia,2001,(blank),None,(blank),(blank),108.7
Zambia,2001,(blank),Primary,(blank),(blank),98.4
Zambia,2001,(blank),Secondary or higher,(blank),(blank),70.0
Zambia,2001,Male,(blank),(blank),(blank),94.7
Zambia,2001,Female,(blank),(blank),(blank),92.6
Zambia,1996,(blank),None,(blank),(blank),133.6
Zambia,1996,(blank),Primary,(blank),(blank),110.3
Zambia,1996,(blank),Secondary or higher,(blank),(blank),81.4
Zambia,1996,Male,(blank),(blank),(blank),116.3
Zambia,1996,Female,(blank),(blank),(blank),99.4
Zambia,1996,(blank),(blank),Urban,(blank),92.0
Zambia,1996,(blank),(blank),Rural,(blank),118.0
Zambia,1996,(blank),(blank),(blank),Q1 (Poorest),123.8
Zambia,1996,(blank),(blank),(blank),Q2,131.5
Zambia,1996,(blank),(blank),(blank),Q3,105.1
Zambia,1996,(blank),(blank),(blank),Q4,104.5
Zambia,1996,(blank),(blank),(blank),Q5 (Richest),69.3
Zimbabwe,2010,Male,(blank),(blank),(blank),64.6
Zimbabwe,2010,Female,(blank),(blank),(blank),44.4
Zimbabwe,2010,(blank),Primary,(blank),(blank),62.0
Zimbabwe,2010,(blank),Secondary or higher,(blank),(blank),50.6
Zimbabwe,2010,(blank),(blank),Urban,(blank),52.7
Zimbabwe,2010,(blank),(blank),Rural,(blank),55.2
Zimbabwe,2010,(blank),(blank),(blank),Q1 (Poorest),55.1
Zimbabwe,2010,(blank),(blank),(blank),Q2,61.4
Zimbabwe,2010,(blank),(blank),(blank),Q3,57.4
Zimbabwe,2010,(blank),(blank),(blank),Q4,49.7
Zimbabwe,2010,(blank),(blank),(blank),Q5 (Richest),47.5
Zimbabwe,2005,(blank),(blank),Urban,(blank),46.0
Zimbabwe,2005,(blank),(blank),Rural,(blank),50.9
Zimbabwe,2005,Male,(blank),(blank),(blank),51.0
Zimbabwe,2005,Female,(blank),(blank),(blank),47.9
Zimbabwe,2005,(blank),None,(blank),(blank),41.0
Zimbabwe,2005,(blank),Primary,(blank),(blank),51.9
Zimbabwe,2005,(blank),Secondary or higher,(blank),(blank),48.6
Zimbabwe,2005,(blank),(blank),(blank),Q1 (Poorest),48.2
Zimbabwe,2005,(blank),(blank),(blank),Q2,59.4
Zimbabwe,2005,(blank),(blank),(blank),Q3,48.3
Zimbabwe,2005,(blank),(blank),(blank),Q4,45.5
Zimbabwe,2005,(blank),(blank),(blank),Q5 (Richest),45.1
Zimbabwe,1999,(blank),(blank),Urban,(blank),47.6
Zimbabwe,1999,(blank),(blank),Rural,(blank),65.7
Zimbabwe,1999,(blank),None,(blank),(blank),82.2
Zimbabwe,1999,(blank),Primary,(blank),(blank),60.8
Zimbabwe,1999,(blank),Secondary or higher,(blank),(blank),54.4
Zimbabwe,1999,(blank),(blank),(blank),Q1 (Poorest),59.6
Zimbabwe,1999,(blank),(blank),(blank),Q2,64.0
Zimbabwe,1999,(blank),(blank),(blank),Q3,67.2
Zimbabwe,1999,(blank),(blank),(blank),Q4,63.7
Zimbabwe,1999,(blank),(blank),(blank),Q5 (Richest),44.8
Zimbabwe,1999,Male,(blank),(blank),(blank),63.4
Zimbabwe,1999,Female,(blank),(blank),(blank),56.7
Zimbabwe,1994,(blank),(blank),Urban,(blank),43.6
Zimbabwe,1994,(blank),(blank),Rural,(blank),53.1
Zimbabwe,1994,(blank),None,(blank),(blank),61.0
Zimbabwe,1994,(blank),Primary,(blank),(blank),53.4
Zimbabwe,1994,(blank),Secondary or higher,(blank),(blank),38.0
Zimbabwe,1994,Male,(blank),(blank),(blank),56.2
Zimbabwe,1994,Female,(blank),(blank),(blank),45.2
Zimbabwe,1994,(blank),(blank),(blank),Q1 (Poorest),51.9
Zimbabwe,1994,(blank),(blank),(blank),Q2,48.5
Zimbabwe,1994,(blank),(blank),(blank),Q3,47.1
Zimbabwe,1994,(blank),(blank),(blank),Q4,64.7
Zimbabwe,1994,(blank),(blank),(blank),Q5 (Richest),39.7
